,code,name,eps,eps_yoy,bvps,roe,epcf,net_profits,profits_yoy,distrib,report_date
0,600438,通威股份,,,2.31,13.65,0.62,3307.05,,,02-11
1,600493,凤竹纺织,,,1.67,14.9,0.5,2550.67,,,02-06
2,600340,华夏幸福,,,2.01,15.08,0.58,1688.47,,,12-10
3,600476,湘邮科技,,,1.83,11.43,0.01,1347.94,,,11-20
4,600545,新疆城建,,,,,,2439.13,,,11-13
5,600307,酒钢宏兴,,,3.56,,,40983.81,113.28,,10-31
6,600743,华远地产,,,0.02,,,193.63,-116.04,,10-31
7,600522,中天科技,,,2.72,,,614.36,-81.21,,10-31
8,600565,迪马股份,,,5.04,,,2304.41,-18.0,,10-31
9,000825,太钢不锈,,,2.94,,,41638.88,80.46,,10-31
10,600275,*ST昌鱼,,,1.77,,,206.13,-88.17,,10-31
11,600019,宝钢股份,,,2.7,,,532320.34,101.68,,10-31
12,600856,中天能源,,,1.8,,,-830.54,-451.91,,10-31
13,000999,华润三九,,,2.9,,,13305.77,8.99,,10-31
14,600721,百花村,,,1.52,,,1955.89,547.89,,10-31
15,600058,五矿发展,,,3.82,,,19952.78,44.26,,10-31
16,600843,上工申贝,,,1.82,,,1462.99,69.98,,10-31
17,000818,方大化工,,,3.31,,,-2039.52,-84.55,,10-31
18,000876,新希望,,,3.98,9.07,,10885.07,21.72,,10-31
19,600613,神奇制药,,,1.0,,,-2048.82,-22.31,,10-31
20,600345,长江通信,,,4.58,,,373.51,-79.22,,10-31
21,000637,茂化实华,,,2.12,,,5587.0,23.39,,10-31
22,000687,华讯方舟,,,3.3,,,4487.33,58.43,,10-31
23,600063,皖维高新,,,2.6,,,2943.68,-8.13,,10-31
24,600503,华丽家族,,,4.16,,,-2989.66,-258.25,,10-31
25,000036,华联控股,,,3.74,,,3298.47,-45.76,,10-31
26,000882,华联股份,,,1.91,,,-119.19,-112.93,,10-31
27,600643,爱建集团,,,3.88,,,-2524.16,-72.29,,10-31
28,600681,百川能源,,,1.36,,,-3703.46,-1184.39,,10-31
29,600052,浙江广厦,,,3.07,,,-4469.37,-18966.7,,10-31
30,600139,西部资源,,,0.69,,,-2929.6,8.72,,10-31
31,600239,云南城投,,,1.94,,,119.57,-91.41,,10-31
32,000509,华塑控股,,,1.86,,,1115.15,-133.14,,10-31
33,000959,首钢股份,,,2.46,,,60776.21,4.26,,10-31
34,600770,综艺股份,,,2.21,,,1621.35,-25.97,,10-31
35,000739,普洛药业,,,2.0,,,1995.57,21.64,,10-31
36,600557,康缘药业,,,3.88,,,2361.24,19.66,,10-31
37,000088,盐田港,,,4.36,,,55474.88,34.37,,10-31
38,600741,华域汽车,,,2.16,,,3156.87,-74.83,,10-31
39,600776,东方通信,,,4.28,,,-76352.57,-14750.24,,10-31
40,600401,*ST海润,,,4.41,,,1731.55,,,10-31
41,600811,东方集团,,,4.29,,,7059.84,-24.78,,10-31
42,600132,重庆啤酒,,,2.5,,,4587.67,35.96,,10-31
43,000035,中国天楹,,,2.15,,,1874.06,-46.34,,10-31
44,600617,国新能源,,,0.4,,,-4992.3,-14.34,,10-31
45,600272,开开实业,,,3.61,,,3899.61,8.73,,10-31
46,000540,中天金融,,,1.48,,,526.69,-31.52,,10-31
47,600781,辅仁药业,,,0.6,,,-2182.22,45.63,,10-31
48,600800,天津磁卡,,,1.41,,,8095.14,170.9,,10-31
49,000672,上峰水泥,,,1.41,,,-427.23,-202.64,,10-31
50,000732,泰禾集团,,,2.52,,,403.58,243.41,,10-31
51,600870,厦华电子,,,1.97,,,823.56,-39.32,,10-31
52,000760,斯太尔,,,3.24,,,-366.51,-390.95,,10-31
53,600526,菲达环保,,,3.87,,,1496.7,-10.83,,10-31
54,600887,伊利股份,,,4.94,,,16491.45,45.56,,10-31
55,000809,*ST新城,,,0.4,,,-5848.61,84.22,,10-31
56,000829,天音控股,,,1.85,,,1967.74,-454.86,,10-31
57,000860,顺鑫农业,,,3.75,,,5998.5,14.15,,10-31
58,000997,新大陆,,,5.24,,,746.34,-56.61,,10-31
59,600335,国机汽车,,,2.43,,,48.49,-111.66,,10-31
60,600007,中国国贸,,,3.0,,,15893.1,2.43,,10-31
61,000685,中山公用,,,1.42,,,726.89,3.68,,10-31
62,000707,双环科技,,,3.48,,,312.77,-90.86,,10-31
63,600061,国投安信,,,1.29,,,135.66,-66.73,,10-31
64,000725,京东方A,,,3.83,,,28051.69,288.49,,10-31
65,600548,深高速,,,2.73,,,80136.77,184.64,,10-31
66,600567,山鹰纸业,,,2.39,,,2999.34,47.59,,10-31
67,000022,深赤湾A,,,3.72,,,22909.62,68.91,,10-31
68,600196,复星医药,,,4.34,,,24752.54,154.72,,10-31
69,000539,粤电力A,,,2.86,,,98446.27,-0.28,,10-31
70,000558,莱茵体育,,,0.93,,,-1614.57,-14.19,,10-31
71,600328,兰太实业,,,2.99,,,1791.03,-44.96,,10-31
72,000601,韶能股份,,,5.02,,,11206.53,26.85,,10-31
73,600891,秋林集团,,,1.54,,,-3123.15,18.42,,10-31
74,000868,安凯客车,,,2.81,,,206.42,259.15,,10-31
75,600183,生益科技,,,1.72,,,9926.3,53.53,,10-31
76,600628,新世界,,,2.8,,,4977.91,-23.66,,10-31
77,000506,中润资源,,,1.28,,,1507.85,-0.99,,10-31
78,600315,上海家化,,,4.38,,,7751.48,3.12,,10-31
79,600393,粤泰股份,,,2.04,,,-4772.14,-353.73,,10-31
80,000678,襄阳轴承,,,2.3,0.42,,134.89,-117.14,,10-31
81,600863,内蒙华电,,,2.09,,,29112.37,123.2,,10-31
82,600537,亿晶光电,,,2.86,,,2903.23,,,10-31
83,600560,金自天正,,,5.05,,,1980.93,17.8,,10-31
84,600170,上海建工,,,4.12,,,14435.16,0.41,,10-31
85,600673,东阳光科,,,1.53,,,948.81,183.35,,10-31
86,600265,ST景谷,,,3.17,,,474.52,-11.21,,10-31
87,600429,三元股份,,,1.48,,,4184.7,,,10-31
88,600060,海信电器,,,4.71,,,1980.37,-35.31,,10-31
89,600500,中化国际,,,3.12,,,17890.56,0.03,,10-31
90,000758,中色股份,,,2.38,,,73.0,-96.52,,10-31
91,600100,同方股份,,,5.01,,,10711.89,-38.27,,10-31
92,000826,启迪桑德,,,1.21,,,732.56,-136.22,,10-31
93,600158,中体产业,,,3.1,,,390.77,-45.77,,10-31
94,600658,电子城,,,1.64,,,-2716.07,-176.92,,10-31
95,000968,*ST煤气,,,3.17,,,6818.31,25.22,,10-31
96,600744,华银电力,,,4.05,,,512.95,-66.22,,10-31
97,600779,水井坊,,,2.1,,,-15778.47,-1411.04,,10-31
98,600088,中视传媒,,,3.01,,,-1193.79,36.67,,10-31
99,600145,*ST新亿,,,1.37,,,1827.17,-48.3,,10-31
100,600626,申达股份,,,4.1,,,10563.78,-5.6,,10-31
101,600645,中源协和,,,1.22,,,574.36,137.86,,10-31
102,000505,*ST珠江,,,0.66,,,-1185.98,-16.45,,10-31
103,600257,大湖股份,,,6.19,,,1040.84,19.7,,10-31
104,600699,均胜电子,,,2.41,,,1320.5,-35.5,,10-31
105,600767,*ST运盛,,,1.81,,,388.16,-42.76,,10-31
106,600784,鲁银投资,,,0.97,,,1520.89,-112.05,,10-31
107,600803,新奥股份,,,2.36,,,-78.41,-111.22,,10-31
108,600820,隧道股份,,,2.94,,,9100.42,-23.27,,10-31
109,600489,中金黄金,,,2.69,,,3012.81,,,10-31
110,600857,宁波中百,,,1.79,,,867.47,-49.65,,10-31
111,600536,中国软件,,,4.47,,,2803.53,1.98,,10-31
112,600129,太极集团,,,3.53,,,4451.87,-8.48,,10-31
113,000839,中信国安,,,4.21,,,16128.7,4.01,,10-31
114,600614,鹏起科技,,,2.0,,,1355.9,-9.73,,10-31
115,000568,泸州老窖,,,1.82,,,3676.18,7.88,,10-31
116,600773,西藏城投,,,1.99,,,2046.32,-325.7,,10-31
117,600428,中远海特,,,3.89,,,8042.61,39.31,,10-31
118,600825,新华传媒,,,2.22,,,3538.05,2.43,,10-31
119,600522,中天科技,,,2.72,,,614.36,-81.21,,10-31
120,600565,迪马股份,,,5.04,,,2304.41,-18.0,,10-31
121,000825,太钢不锈,,,2.94,,,41638.88,80.46,,10-31
122,600307,酒钢宏兴,,,3.56,,,40983.81,113.28,,10-31
123,600743,华远地产,,,0.02,,,193.63,-116.04,,10-31
124,600275,*ST昌鱼,,,1.77,,,206.13,-88.17,,10-31
125,600019,宝钢股份,,,2.7,,,532320.34,101.68,,10-31
126,600856,中天能源,,,1.8,,,-830.54,-451.91,,10-31
127,000777,中核科技,,,1.59,,,73.86,-118.21,,10-30
128,600128,弘业股份,,,2.86,,,1114.21,-37.83,,10-30
129,600150,中国船舶,,,2.03,,,776.23,46.98,,10-30
130,600168,武汉控股,,,3.07,,,2679.82,-57.51,,10-30
131,000403,ST生化,,,3.48,,,2982.83,-34.74,,10-30
132,600280,中央商场,,,3.92,,,2495.63,7.95,,10-30
133,600300,维维股份,,,4.17,,,8289.99,-13.71,,10-30
134,000592,平潭发展,,,0.79,,,-1694.96,-1633.75,,10-30
135,600337,美克家居,,,6.19,,,3196.11,-9.69,,10-30
136,600754,锦江股份,,,2.89,,,1973.9,-56.73,,10-30
137,600790,轻纺城,,,2.62,,,213.64,-92.83,,10-30
138,600807,天业股份,,,0.55,,,-2325.23,16.34,,10-30
139,600029,南方航空,,,2.46,,,-78294.1,,,10-30
140,000702,正虹科技,,,2.89,1.05,,850.2,-23.21,,10-30
141,600098,广州发展,,,4.69,,,62256.59,21.31,,10-30
142,600883,博闻科技,,,1.32,,,453.9,249.0,,10-30
143,601607,上海医药,,,3.51,,,10937.31,32.15,,10-30
144,000966,长源电力,,,2.33,,,4848.85,127.15,,10-30
145,600306,商业城,,,2.48,,,1492.52,-6.03,,10-30
146,600848,上海临港,,,0.29,,,456.57,-39.08,,10-30
147,600161,天坛生物,,,2.74,,,3927.44,28.27,,10-30
148,000927,一汽夏利,,,1.78,,,46936.65,-180.56,,10-30
149,600292,远达环保,,,5.01,,,4955.61,-15.17,,10-30
150,000585,东北电气,,,0.63,,,1783.09,-56.14,,10-30
151,000652,泰达股份,,,1.79,,,6639.7,8.77,,10-30
152,600876,洛阳玻璃,,,1.53,,,-15008.7,11.5,,10-30
153,600127,金健米业,,,2.63,,,1159.8,158.28,,10-30
154,000875,吉电股份,,,3.82,,,7097.89,-10.41,,10-30
155,600186,莲花健康,,,2.37,,,792.35,-89.16,,10-30
156,600115,东方航空,,,1.07,,,-119282.77,-893.27,,10-30
157,600582,天地科技,,,4.73,,,2490.07,23.57,,10-30
158,600210,紫江企业,,,3.24,,,21140.96,0.2,,10-30
159,600637,东方明珠,,,4.36,,,15193.34,82.56,,10-30
160,000409,山东地矿,,,0.91,,,-992.64,-7600.26,,10-30
161,600725,ST云维,,,3.58,,,1705.87,-12.21,,10-30
162,600322,天房发展,,,3.91,,,121.7,-93.49,,10-30
163,000597,东北制药,,,2.91,,,2680.39,174.25,,10-30
164,600758,红阳能源,,,0.55,,,-340.52,-70.99,,10-30
165,600828,茂业商业,,,2.2,,,792.13,-33.82,,10-30
166,000708,大冶特钢,,,3.66,,,4801.95,282.53,,10-30
167,000005,世纪星源,,,1.35,,,-1137.19,-61.04,,10-30
168,000023,深天地A,,,1.56,,,27.13,-91.56,,10-30
169,000040,东旭蓝天,,,1.82,,,4210.82,-169.55,,10-30
170,600178,东安动力,,,3.26,,,5324.13,9.97,,10-30
171,600622,嘉宝集团,,,1.45,,,2774.4,131.55,,10-30
172,600642,申能股份,,,4.52,,,88382.97,21.61,,10-30
173,600252,中恒集团,,,2.52,,,1067.69,131.89,,10-30
174,600834,申通地铁,,,1.46,,,4936.73,-23.81,,10-30
175,000048,康达尔,,,0.1,,,112.52,-83.27,,10-30
176,000893,东凌国际,,,1.44,,,-1107.11,-257.23,,10-30
177,600221,海南航空,,,2.0,,,-95043.57,-953.19,,10-30
178,600648,外高桥,,,1.75,,,1645.42,-261.1,,10-30
179,000931,中关村,,,2.14,,,-7940.55,137.2,,10-30
180,000409,山东地矿,,,0.91,,,-992.64,-7600.26,,10-30
181,600725,ST云维,,,3.58,,,1705.87,-12.21,,10-30
182,600322,天房发展,,,3.91,,,121.7,-93.49,,10-30
183,000597,东北制药,,,2.91,,,2680.39,174.25,,10-30
184,600758,红阳能源,,,0.55,,,-340.52,-70.99,,10-30
185,600828,茂业商业,,,2.2,,,792.13,-33.82,,10-30
186,000708,大冶特钢,,,3.66,,,4801.95,282.53,,10-30
187,600115,东方航空,,,1.07,,,-119282.77,-893.27,,10-30
188,600582,天地科技,,,4.73,,,2490.07,23.57,,10-30
189,600210,紫江企业,,,3.24,,,21140.96,0.2,,10-30
190,600642,申能股份,,,4.52,,,88382.97,21.61,,10-30
191,600252,中恒集团,,,2.52,,,1067.69,131.89,,10-30
192,600834,申通地铁,,,1.46,,,4936.73,-23.81,,10-30
193,000005,世纪星源,,,1.35,,,-1137.19,-61.04,,10-30
194,000023,深天地A,,,1.56,,,27.13,-91.56,,10-30
195,000040,东旭蓝天,,,1.82,,,4210.82,-169.55,,10-30
196,600178,东安动力,,,3.26,,,5324.13,9.97,,10-30
197,600622,嘉宝集团,,,1.45,,,2774.4,131.55,,10-30
198,600221,海南航空,,,2.0,,,-95043.57,-953.19,,10-30
199,600648,外高桥,,,1.75,,,1645.42,-261.1,,10-30
200,000931,中关村,,,2.14,,,-7940.55,137.2,,10-30
201,600238,海南椰岛,,,2.87,,,3077.68,8.48,,10-30
202,000507,珠海港,,,2.85,,,2624.66,4.08,,10-30
203,600298,安琪酵母,,,4.49,,,3107.24,48.06,,10-30
204,600395,盘江股份,,,3.34,,,6191.23,25.91,,10-30
205,600073,上海梅林,,,2.47,,,221.02,-67.6,,10-30
206,600859,王府井,,,3.94,,,1671.33,-42.93,,10-30
207,000048,康达尔,,,0.1,,,112.52,-83.27,,10-30
208,000893,东凌国际,,,1.44,,,-1107.11,-257.23,,10-30
209,600653,申华控股,,,1.11,,,1200.56,-67.18,,10-30
210,600674,川投能源,,,1.67,,,2723.31,-10.92,,10-30
211,600266,北京城建,,,2.79,,,8557.33,-44.98,,10-30
212,600033,福建高速,,,3.44,,,25503.08,16.64,,10-30
213,600846,同济科技,,,1.53,,,179.87,-59.27,,10-30
214,600519,贵州茅台,,,10.6,,,35449.97,14.63,,10-30
215,000780,*ST平能,,,4.58,,,3753.25,-41.2,,10-30
216,600897,厦门空港,,,4.49,,,2664.63,-32.14,,10-30
217,600695,绿庭投资,,,0.84,,,847.13,-112.47,,10-30
218,600713,南京医药,,,2.36,,,2061.41,-3.54,,10-30
219,600798,宁波海运,,,1.59,,,5491.72,-0.61,,10-30
220,600012,皖通高速,,,2.26,,,19862.23,,,10-30
221,600050,中国联通,,,1.98,,,209644.84,,,10-30
222,600886,国投电力,,,3.43,,,14277.02,-261.9,,10-30
223,600258,首旅酒店,,,3.25,,,2316.31,-54.19,,10-30
224,600701,工大高新,,,2.58,,,1334.56,-40.47,,10-30
225,000996,中国中期,,,3.48,,,440.94,-43.45,,10-30
226,600459,贵研铂业,,,4.27,,,1052.07,,,10-30
227,600089,特变电工,,,3.79,,,8428.04,38.48,,10-30
228,600146,商赢环球,,,1.79,,,-107.5,-132.75,,10-30
229,000892,欢瑞世纪,,,1.85,9.68,,8506.23,23.07,,10-30
230,600689,上海三毛,,,2.43,,,-1794.92,-526.12,,10-30
231,000532,华金资本,,,1.64,,,4473.43,14.15,,10-30
232,000980,金马股份,,,2.51,,,300.54,-112.35,,10-30
233,000665,湖北广电,,,2.89,,,-503.38,-266.29,,10-30
234,600826,兰生股份,,,2.97,,,671.94,-80.31,,10-30
235,600615,丰华股份,,,2.45,,,-3011.96,233.17,,10-30
236,000923,河北宣工,,,2.55,1.85,,771.12,30.18,,10-30
237,600270,外运发展,,,3.66,,,27457.45,22.94,,10-30
238,000690,宝新能源,,,1.81,,,1889.75,-19.46,,10-30
239,600603,广汇物流,,,-3.29,,,-1647.98,-49.25,,10-30
240,600128,弘业股份,,,2.86,,,1114.21,-37.83,,10-30
241,600150,中国船舶,,,2.03,,,776.23,46.98,,10-30
242,000966,长源电力,,,2.33,,,4848.85,127.15,,10-30
243,600306,商业城,,,2.48,,,1492.52,-6.03,,10-30
244,600848,上海临港,,,0.29,,,456.57,-39.08,,10-30
245,600098,广州发展,,,4.69,,,62256.59,21.31,,10-30
246,600883,博闻科技,,,1.32,,,453.9,249.0,,10-30
247,601607,上海医药,,,3.51,,,10937.31,32.15,,10-30
248,600161,天坛生物,,,2.74,,,3927.44,28.27,,10-30
249,000927,一汽夏利,,,1.78,,,46936.65,-180.56,,10-30
250,600292,远达环保,,,5.01,,,4955.61,-15.17,,10-30
251,000585,东北电气,,,0.63,,,1783.09,-56.14,,10-30
252,000652,泰达股份,,,1.79,,,6639.7,8.77,,10-30
253,600577,精达股份,,,4.78,,,1922.69,16.6,,10-29
254,000837,秦川机床,,,2.39,,,1808.11,55.39,,10-29
255,600260,凯乐科技,,,5.23,,,3795.01,-23.71,,10-29
256,600703,三安光电,,,1.65,,,1113.87,17.36,,10-29
257,600299,安迪苏,,,3.54,,,3601.42,27.05,,10-29
258,600336,澳柯玛,,,3.58,,,2115.72,-40.56,,10-29
259,000680,山推股份,,,3.12,,,12330.61,0.72,,10-29
260,600028,中国石化,,,1.83,,,1480400.0,63.49,,10-29
261,000720,新能泰山,,,2.76,,,3154.41,-17.82,,10-29
262,600496,精工钢构,,,2.24,,,190.09,-63.9,,10-29
263,600600,青岛啤酒,,,3.32,,,25998.68,10.97,,10-29
264,000938,紫光股份,,,3.09,2.15,,1357.25,168.7,,10-29
265,600794,保税科技,,,1.35,,,336.79,-127.77,,10-29
266,600008,首创股份,,,3.96,,,34680.3,8.39,,10-29
267,600079,人福医药,,,2.43,,,1639.19,16.75,,10-29
268,600661,新南洋,,,2.39,,,1497.73,-0.82,,10-29
269,600329,中新药业,,,4.24,,,6144.72,-25.16,,10-29
270,600351,亚宝药业,,,2.54,,,1919.33,23.41,,10-29
271,000692,惠天热电,,,4.29,,,1329.63,-35.55,,10-29
272,000789,万年青,,,2.16,,,1388.06,-1.84,,10-29
273,600568,中珠医疗,,,6.19,,,610.63,-45.52,,10-29
274,000029,深深房A,,,0.98,,,-4025.93,-38.95,,10-29
275,000869,张裕A,,,4.9,,,11307.25,37.26,,10-29
276,000078,海王生物,,,5.13,,,2684.13,30.95,,10-29
277,600202,哈空调,,,1.59,,,3689.83,309.97,,10-29
278,600259,广晟有色,,,2.06,,,183.12,160.34,,10-29
279,600278,东方创业,,,3.21,,,4498.45,-0.11,,10-29
280,600316,洪都航空,,,5.23,,,3750.03,0.65,,10-29
281,600735,新华锦,,,1.51,,,-630.73,-64.83,,10-29
282,000590,启迪古汉,,,1.38,,,-1026.57,189.16,,10-29
283,600787,中储股份,,,2.49,,,1454.72,1.17,,10-29
284,000679,大连友谊,,,2.42,,,-3205.63,-287.25,,10-29
285,600126,杭钢股份,,,3.98,,,38289.57,75.3,,10-29
286,600171,上海贝岭,,,2.84,,,5743.21,-49.45,,10-29
287,600690,青岛海尔,,,6.67,,,29363.32,-14.43,,10-29
288,000981,银亿股份,,,3.94,,,342.08,-78.99,,10-29
289,600283,钱江水利,,,3.08,,,2009.19,-47.9,,10-29
290,000571,新大洲A,,,1.15,,,-363.2,-12.7,,10-29
291,600740,山西焦化,,,4.18,,,11927.25,217.64,,10-29
292,000635,英力特,,,1.05,,,2068.43,-123.8,,10-29
293,600793,宜宾纸业,,,0.95,-6.86,,-693.37,-66.95,,10-29
294,600586,金晶科技,,,4.0,,,2552.93,-15.09,,10-29
295,000886,海南高速,,,2.35,,,720.18,-72.45,,10-29
296,600251,冠农股份,,,3.08,,,464.13,,,10-29
297,600388,龙净环保,,,3.91,,,1865.11,-2.5,,10-29
298,000671,阳光城,,,1.78,,,303.65,21.81,,10-29
299,600833,第一医药,,,1.16,,,911.36,33.51,,10-29
300,600600,青岛啤酒,,,3.32,,,25998.68,10.97,,10-29
301,000938,紫光股份,,,3.09,2.15,,1357.25,168.7,,10-29
302,600794,保税科技,,,1.35,,,336.79,-127.77,,10-29
303,600008,首创股份,,,3.96,,,34680.3,8.39,,10-29
304,600079,人福医药,,,2.43,,,1639.19,16.75,,10-29
305,600568,中珠医疗,,,6.19,,,610.63,-45.52,,10-29
306,600661,新南洋,,,2.39,,,1497.73,-0.82,,10-29
307,600329,中新药业,,,4.24,,,6144.72,-25.16,,10-29
308,600351,亚宝药业,,,2.54,,,1919.33,23.41,,10-29
309,000692,惠天热电,,,4.29,,,1329.63,-35.55,,10-29
310,000789,万年青,,,2.16,,,1388.06,-1.84,,10-29
311,600126,杭钢股份,,,3.98,,,38289.57,75.3,,10-29
312,000029,深深房A,,,0.98,,,-4025.93,-38.95,,10-29
313,000869,张裕A,,,4.9,,,11307.25,37.26,,10-29
314,000078,海王生物,,,5.13,,,2684.13,30.95,,10-29
315,600202,哈空调,,,1.59,,,3689.83,309.97,,10-29
316,600259,广晟有色,,,2.06,,,183.12,160.34,,10-29
317,600278,东方创业,,,3.21,,,4498.45,-0.11,,10-29
318,600316,洪都航空,,,5.23,,,3750.03,0.65,,10-29
319,600735,新华锦,,,1.51,,,-630.73,-64.83,,10-29
320,000590,启迪古汉,,,1.38,,,-1026.57,189.16,,10-29
321,600787,中储股份,,,2.49,,,1454.72,1.17,,10-29
322,000679,大连友谊,,,2.42,,,-3205.63,-287.25,,10-29
323,600171,上海贝岭,,,2.84,,,5743.21,-49.45,,10-29
324,600690,青岛海尔,,,6.67,,,29363.32,-14.43,,10-29
325,000981,银亿股份,,,3.94,,,342.08,-78.99,,10-29
326,600283,钱江水利,,,3.08,,,2009.19,-47.9,,10-29
327,000571,新大洲A,,,1.15,,,-363.2,-12.7,,10-29
328,600740,山西焦化,,,4.18,,,11927.25,217.64,,10-29
329,000635,英力特,,,1.05,,,2068.43,-123.8,,10-29
330,600793,宜宾纸业,,,0.95,-6.86,,-693.37,-66.95,,10-29
331,600586,金晶科技,,,4.0,,,2552.93,-15.09,,10-29
332,000886,海南高速,,,2.35,,,720.18,-72.45,,10-29
333,600251,冠农股份,,,3.08,,,464.13,,,10-29
334,600388,龙净环保,,,3.91,,,1865.11,-2.5,,10-29
335,000671,阳光城,,,1.78,,,303.65,21.81,,10-29
336,600833,第一医药,,,1.16,,,911.36,33.51,,10-29
337,600067,冠城大通,,,1.9,,,1340.11,-20.07,,10-29
338,600555,海航创新,,,5.16,,,12389.44,-2.44,,10-29
339,600684,珠江实业,,,3.22,,,1015.5,-11.63,,10-29
340,600277,亿利洁能,,,4.74,,,2505.13,-19.11,,10-29
341,600718,东软集团,,,4.61,,,4138.72,-32.66,,10-29
342,600734,实达集团,,,1.57,,,-4649.18,-361.14,,10-29
343,000608,阳光股份,,,2.58,,,1907.3,566.66,,10-29
344,600804,鹏博士,,,1.67,,,287.29,257.47,,10-29
345,600055,万东医疗,,,3.45,,,1417.24,29.64,,10-29
346,000737,南风化工,,,3.06,,,3275.26,-11.28,,10-29
347,000056,皇庭国际,,,1.51,,,135.36,-81.68,,10-29
348,000407,胜利股份,,,2.29,4.04,,2169.15,48.22,,10-29
349,000426,兴业矿业,,,4.17,,,2661.04,-1.38,,10-29
350,600242,中昌数据,,,2.83,,,33.3,-94.61,,10-29
351,600282,南钢股份,,,4.08,,,34949.64,74.61,,10-29
352,600706,曲江文旅,,,2.02,,,1818.37,6.6,,10-29
353,001896,豫能控股,,,2.12,,,3925.3,-45.94,,10-29
354,600723,首商股份,,,3.04,,,-4590.44,-374.2,,10-29
355,600320,振华重工,,,4.47,,,18741.26,30.37,,10-29
356,600739,辽宁成大,,,3.68,,,3983.88,-28.74,,10-29
357,000595,*ST宝实,,,2.02,,,458.3,-110.3,,10-29
358,600809,山西汾酒,,,1.9,,,3997.65,119.96,,10-29
359,600095,哈高科,,,2.3,,,31.45,-100.5,,10-29
360,600889,南京化纤,,,3.41,,,5305.57,96.52,,10-29
361,600551,时代出版,,,2.52,,,1028.88,86.27,,10-29
362,600141,兴发集团,,,2.57,,,796.83,-45.32,,10-29
363,600668,尖峰集团,,,2.58,,,3072.92,13.93,,10-29
364,000548,湖南投资,,,3.2,,,4028.87,46.9,,10-29
365,600360,华微电子,,,5.2,,,2408.92,80.12,,10-29
366,600771,广誉远,,,2.12,,,3236.61,40.95,,10-29
367,000631,顺发恒业,,,3.28,,,3370.11,12.88,,10-29
368,600000,浦发银行,,,2.94,,,108206.13,26.6,,10-29
369,000721,西安饮食,,,1.63,,,885.9,-18.47,,10-29
370,600516,方大炭素,,,3.87,,,1899.27,-26.69,,10-29
371,600156,华升股份,,,2.35,,,-2547.17,-300.83,,10-29
372,000921,海信科龙,,,2.8,,,17699.47,32.37,,10-29
373,600268,国电南自,,,4.09,,,1463.0,-12.65,,10-29
374,000554,泰山石油,,,1.68,,,828.08,-59.36,,10-29
375,000598,兴蓉环境,,,3.59,,,2367.14,19.94,,10-29
376,600812,华北制药,,,2.17,,,17709.43,42.05,,10-29
377,600037,歌华有线,,,4.97,,,10910.93,-13.23,,10-29
378,000830,鲁西化工,,,4.24,,,4954.06,-20.92,,10-29
379,600623,华谊集团,,,1.3,,,7006.46,-886.42,,10-29
380,600217,中再资环,,,1.86,,,2641.04,-11.31,,10-29
381,000523,广州浪奇,,,1.7,,,187.24,-118.19,,10-29
382,000971,高升控股,,,2.34,,,1452.54,-4.52,,10-29
383,600330,天通股份,,,2.73,,,4134.64,1.26,,10-29
384,600835,上海机电,,,4.49,,,30740.01,37.27,,10-29
385,000733,振华科技,,,5.07,,,2429.36,-9.33,,10-29
386,600085,同仁堂,,,4.84,,,21145.54,5.5,,10-29
387,600104,上汽集团,,,3.86,,,144500.34,137.55,,10-29
388,600528,中铁工业,,,4.3,,,5168.5,-34.01,,10-29
389,600167,联美控股,,,2.05,,,391.91,-80.6,,10-28
390,600203,福日电子,,,2.13,,,-2554.98,-1624.59,,10-28
391,000915,山大华特,,,1.67,,,478.22,-45.65,,10-28
392,600667,太极实业,,,1.31,,,-1560.66,67.9,,10-28
393,000977,浪潮信息,,,4.01,,,2094.58,-17.03,,10-28
394,000998,隆平高科,,,7.69,,,1147.82,-27.04,,10-28
395,600091,ST明科,,,5.48,,,6507.14,19.74,,10-28
396,000776,广发证券,,,1.05,,,472.58,-75.12,,10-28
397,000816,智慧农业,,,3.83,,,2034.2,-42.45,,10-28
398,600149,*ST坊展,,,1.84,,,1909.68,13.23,,10-28
399,600155,宝硕股份,,,2.1,,,4184.36,29.12,,10-28
400,000881,中广核技,,,2.3,,,1110.2,-25.34,,10-28
401,000965,天保基建,,,2.6,,,615.46,-11.88,,10-28
402,600691,阳煤化工,,,1.01,,,-527.31,-44.99,,10-28
403,000982,*ST中绒,,,4.32,,,-3122.69,-1641.87,,10-28
404,600343,航天动力,,,2.1,,,1382.11,,,10-28
405,000616,海航投资,,,2.75,,,3971.77,808.38,,10-28
406,600433,冠豪高新,,,2.57,,,1402.61,,,10-28
407,000782,美达股份,,,2.42,,,2560.84,-43.9,,10-28
408,000018,神州长城,,,1.85,,,408.36,128.79,,10-28
409,000887,中鼎股份,,,2.6,,,1345.06,-9.37,,10-28
410,600197,伊力特,,,3.64,,,4687.22,5.47,,10-28
411,000908,景峰医药,,,1.87,,,1350.72,11.5,,10-28
412,600216,浙江医药,,,1.4,,,1002.05,-43.6,,10-28
413,000502,绿景控股,,,1.54,,,5199.32,-507.67,,10-28
414,600680,*ST上普,,,2.07,,,3305.78,1.85,,10-28
415,000559,万向钱潮,,,3.87,,,10143.69,4.22,,10-28
416,600310,桂东电力,,,4.17,,,5153.28,5.61,,10-28
417,000603,盛达矿业,,,1.03,,,-188.08,-74.02,,10-28
418,600486,扬农化工,,,3.56,,,2716.63,27.89,,10-28
419,600166,福田汽车,,,5.01,,,16350.35,141.24,,10-28
420,600629,华建集团,,,-2.71,,,-1518.3,272.36,,10-28
421,000401,冀东水泥,,,1.9,,,10577.78,26.65,,10-28
422,000976,春晖股份,,,2.55,,,4069.46,-28.12,,10-28
423,000546,金圆股份,,,0.03,,,-2376.96,-3534.33,,10-28
424,000659,*ST中富,,,4.0,,,8166.79,-16.58,,10-28
425,600056,中国医药,,,2.88,,,1868.47,-41.68,,10-28
426,600839,四川长虹,,,6.05,,,15580.3,18.94,,10-28
427,600090,同济堂,,,1.63,,,321.92,-44.9,,10-28
428,600513,联环药业,,,4.07,,,980.48,,,10-28
429,600875,东方电气,,,2.17,,,1034.62,-145.72,,10-28
430,600532,宏达矿业,,,3.85,,,1574.57,6.19,,10-28
431,600636,*ST爱富,,,2.59,,,5399.56,8.56,,10-28
432,600363,联创光电,,,2.66,,,2884.23,28.72,,10-28
433,600381,青海春天,,,3.21,,,1452.72,8.16,,10-28
434,600538,国发股份,,,4.06,,,2042.66,,,10-28
435,000859,国风塑业,,,2.38,,,1235.89,-71.09,,10-28
436,600177,雅戈尔,,,4.24,,,25823.81,-22.9,,10-28
437,000520,长航凤凰,,,2.49,,,4058.3,0.25,,10-28
438,600290,华仪电气,,,1.33,,,1073.27,14.34,,10-28
439,600369,西南证券,,,3.18,,,-3119.2,-334.5,,10-28
440,600869,智慧能源,,,1.03,,,-327.7,-82.78,,10-28
441,000835,长城动漫,,,1.64,,,204.75,-53.44,,10-28
442,000070,特发信息,,,3.11,,,167.42,-73.47,,10-28
443,600220,江苏阳光,,,4.19,,,9669.38,-4.52,,10-28
444,600237,铜峰电子,,,2.58,,,4053.45,58.84,,10-28
445,600768,宁波富邦,,,1.22,,,3297.23,311.24,,10-28
446,600375,华菱星马,,,5.81,,,5477.1,,,10-28
447,000657,中钨高新,,,3.31,,,2175.51,-28.81,,10-28
448,600821,津劝业,,,2.14,,,385.01,-201.7,,10-28
449,000718,苏宁环球,,,2.04,,,-13515.12,31.44,,10-28
450,600072,中船科技,,,2.77,,,1469.28,-41.31,,10-28
451,600858,银座股份,,,0.64,,,698.02,-177.57,,10-28
452,600107,美尔雅,,,1.3,,,322.25,-110.63,,10-28
453,600125,铁龙物流,,,3.85,,,6250.09,23.5,,10-28
454,600189,吉林森工,,,4.18,,,7312.8,16.12,,10-28
455,600635,大众公用,,,3.09,,,8610.05,-4.06,,10-28
456,600756,浪潮软件,,,2.23,,,2795.61,-1.2,,10-28
457,000613,*ST东海A,,,0.0,,,-1204.71,-9979.91,,10-28
458,600006,东风汽车,,,3.93,,,53989.02,1.27,,10-28
459,000683,远兴能源,,,1.05,,,-3032.48,-1029.39,,10-28
460,600896,览海投资,,,2.68,,,3337.97,-30.69,,10-28
461,000016,深康佳A,,,5.0,,,5497.07,84.37,,10-28
462,600678,四川金顶,,,1.2,,,820.49,-45.56,,10-28
463,600761,安徽合力,,,2.54,,,7785.79,32.86,,10-28
464,600368,五洲交通,,,2.69,,,7644.21,-21.2,,10-28
465,600066,宇通客车,,,7.65,,,7170.72,15.36,,10-28
466,600523,贵航股份,,,2.61,,,335.93,440.19,,10-28
467,000002,万科A,,,3.17,,,27291.95,45.88,,10-28
468,000806,银河生物,,,3.92,,,9636.82,93.43,,10-28
469,600136,当代明诚,,,2.55,,,20.71,-60.01,,10-28
470,000045,深纺织A,,,1.99,,,2033.57,1.04,,10-28
471,000863,三湘印象,,,2.29,,,1061.57,-6.25,,10-28
472,000929,兰州黄河,,,2.06,,,-357.67,-208.9,,10-28
473,600236,桂冠电力,,,4.22,,,23200.36,14.21,,10-28
474,600295,鄂尔多斯,,,2.92,,,7903.05,6.7,,10-28
475,600313,农发种业,,,2.51,,,-2228.67,49.14,,10-28
476,000587,金洲慈航,,,1.83,,,-3055.67,91.95,,10-28
477,600419,天润乳业,,,3.65,,,582.29,-29.21,,10-28
478,600511,国药股份,,,3.22,,,2990.56,,,10-28
479,600530,交大昂立,,,4.66,,,3234.76,-17.61,,10-28
480,600234,ST山水,,,1.15,,,-2208.89,-40.76,,10-28
481,600662,强生控股,,,3.35,,,8679.84,5.63,,10-28
482,000625,长安汽车,,,3.61,,,112601.44,174.76,,10-28
483,600371,万向德农,,,1.73,,,1210.87,-13.28,,10-28
484,000673,当代东方,,,1.78,,,806.01,-34.7,,10-28
485,600509,天富能源,,,2.66,,,5113.95,39.93,,10-28
486,600888,新疆众和,,,3.15,,,4512.21,27.56,,10-28
487,600550,保变电气,,,2.69,,,1654.07,-23.26,,10-28
488,000816,智慧农业,,,3.83,,,2034.2,-42.45,,10-28
489,600149,*ST坊展,,,1.84,,,1909.68,13.23,,10-28
490,600167,联美控股,,,2.05,,,391.91,-80.6,,10-28
491,600203,福日电子,,,2.13,,,-2554.98,-1624.59,,10-28
492,000915,山大华特,,,1.67,,,478.22,-45.65,,10-28
493,600667,太极实业,,,1.31,,,-1560.66,67.9,,10-28
494,000977,浪潮信息,,,4.01,,,2094.58,-17.03,,10-28
495,000998,隆平高科,,,7.69,,,1147.82,-27.04,,10-28
496,600091,ST明科,,,5.48,,,6507.14,19.74,,10-28
497,000776,广发证券,,,1.05,,,472.58,-75.12,,10-28
498,000018,神州长城,,,1.85,,,408.36,128.79,,10-28
499,600155,宝硕股份,,,2.1,,,4184.36,29.12,,10-28
500,000881,中广核技,,,2.3,,,1110.2,-25.34,,10-28
501,000965,天保基建,,,2.6,,,615.46,-11.88,,10-28
502,600691,阳煤化工,,,1.01,,,-527.31,-44.99,,10-28
503,000982,*ST中绒,,,4.32,,,-3122.69,-1641.87,,10-28
504,600343,航天动力,,,2.1,,,1382.11,,,10-28
505,000616,海航投资,,,2.75,,,3971.77,808.38,,10-28
506,600433,冠豪高新,,,2.57,,,1402.61,,,10-28
507,000782,美达股份,,,2.42,,,2560.84,-43.9,,10-28
508,000887,中鼎股份,,,2.6,,,1345.06,-9.37,,10-28
509,600197,伊力特,,,3.64,,,4687.22,5.47,,10-28
510,000908,景峰医药,,,1.87,,,1350.72,11.5,,10-28
511,600216,浙江医药,,,1.4,,,1002.05,-43.6,,10-28
512,000502,绿景控股,,,1.54,,,5199.32,-507.67,,10-28
513,600680,*ST上普,,,2.07,,,3305.78,1.85,,10-28
514,000559,万向钱潮,,,3.87,,,10143.69,4.22,,10-28
515,600310,桂东电力,,,4.17,,,5153.28,5.61,,10-28
516,000603,盛达矿业,,,1.03,,,-188.08,-74.02,,10-28
517,600486,扬农化工,,,3.56,,,2716.63,27.89,,10-28
518,600166,福田汽车,,,5.01,,,16350.35,141.24,,10-28
519,600629,华建集团,,,-2.71,,,-1518.3,272.36,,10-28
520,000401,冀东水泥,,,1.9,,,10577.78,26.65,,10-28
521,000976,春晖股份,,,2.55,,,4069.46,-28.12,,10-28
522,000546,金圆股份,,,0.03,,,-2376.96,-3534.33,,10-28
523,000659,*ST中富,,,4.0,,,8166.79,-16.58,,10-28
524,600056,中国医药,,,2.88,,,1868.47,-41.68,,10-28
525,600839,四川长虹,,,6.05,,,15580.3,18.94,,10-28
526,600090,同济堂,,,1.63,,,321.92,-44.9,,10-28
527,600513,联环药业,,,4.07,,,980.48,,,10-28
528,600875,东方电气,,,2.17,,,1034.62,-145.72,,10-28
529,600532,宏达矿业,,,3.85,,,1574.57,6.19,,10-28
530,000821,京山轻机,,,3.18,,,3577.2,-17.95,,10-27
531,000058,深赛格,,,1.82,,,6872.06,0.06,,10-27
532,000428,华天酒店,,,3.71,,,2128.63,-27.85,,10-27
533,000963,华东医药,,,1.53,,,2900.85,5.7,,10-27
534,600303,曙光股份,,,3.11,,,6204.58,145.79,,10-27
535,000666,经纬纺机,,,3.98,,,13066.74,54.04,,10-27
536,600400,红豆股份,,,3.81,,,5422.03,21.76,,10-27
537,600827,百联股份,,,3.98,,,7615.38,32.99,,10-27
538,600475,华光股份,,,3.13,13.05,,3572.78,,,10-27
539,600096,云天化,,,3.7,,,15176.04,15.24,,10-27
540,600331,宏达股份,,,5.46,,,2587.05,28.16,,10-27
541,600391,成发科技,,,3.14,,,2077.03,22.5,,10-27
542,600122,宏图高科,,,3.09,,,1579.7,-38.8,,10-27
543,600589,广东榕泰,,,3.79,,,4023.24,-3.31,,10-27
544,600608,*ST沪科,,,2.46,,,2286.0,-11.52,,10-27
545,000960,锡业股份,,,3.33,,,3514.95,-496.58,,10-27
546,600261,阳光照明,,,4.84,,,4013.87,28.84,,10-27
547,600704,物产中大,,,3.94,,,3822.0,9.76,,10-27
548,000567,海德股份,,,0.45,,,106.73,-106.54,,10-27
549,600535,天士力,,,3.69,,,7991.8,6.27,,10-27
550,000797,中国武夷,,,3.17,,,-4553.56,-406.4,,10-27
551,000012,南玻A,,,3.05,7.96,,15812.35,22.96,,10-27
552,600187,国中水务,,,2.36,,,61.48,-96.05,,10-27
553,000897,津滨发展,,,2.11,,,2821.56,-19.86,,10-27
554,600229,城市传媒,,,2.94,,,3253.34,-10.39,,10-27
555,000517,荣安地产,,,3.47,,,2467.28,-25.94,,10-27
556,600759,洲际油气,,,-0.47,,,51.46,190.34,,10-27
557,600478,科力远,,,2.55,,,2020.94,,,10-27
558,600255,鑫科材料,,,5.14,,,637.14,-41.56,,10-27
559,600715,文投控股,,,0.34,,,-1802.9,-31.91,,10-27
560,600731,湖南海利,,,2.28,,,1468.89,-24.72,,10-27
561,600747,*ST大控,,,2.91,,,6536.16,-37.3,,10-27
562,600765,中航重机,,,1.43,,,478.1,116.16,,10-27
563,600449,宁夏建材,,,4.1,,,3304.05,,,10-27
564,600871,石化油服,,,2.26,,,13949.0,93.01,,10-27
565,000761,本钢板材,,,3.63,,,25342.2,4.61,,10-27
566,000066,中国长城,,,2.71,,,9254.99,-17.83,,10-27
567,600279,重庆港九,,,3.23,,,1983.96,10.15,,10-27
568,600753,东方银星,,,0.87,,,229.14,-156.9,,10-27
569,000630,铜陵有色,,,4.55,,,11743.47,26.89,,10-27
570,600377,宁沪高速,,,2.85,,,72130.05,13.32,,10-27
571,000661,长春高新,,,3.37,,,-2000.5,-638.15,,10-27
572,600841,上柴股份,,,3.58,,,9856.21,-0.5,,10-27
573,600074,保千里,,,3.27,,,8345.59,40.3,,10-27
574,600515,海航基础,,,1.81,,,1229.63,-15.65,,10-27
575,600630,龙头股份,,,3.97,,,3535.31,-29.79,,10-27
576,000534,万泽股份,,,2.73,,,1605.85,70.43,,10-27
577,600305,恒顺醋业,,,3.17,,,2234.88,15.21,,10-27
578,600036,招商银行,,,3.1,,,168736.7,26.35,,10-27
579,600865,百大集团,,,2.53,,,2181.19,-17.6,,10-27
580,600520,中发科技,,,2.38,,,1544.94,-7.78,,10-27
581,000150,宜华健康,,,1.94,,,191.23,-129.58,,10-27
582,600696,*ST匹凸,,,1.58,,,2413.02,-4.4,,10-27
583,600730,中国高科,,,2.36,,,2064.58,17.84,,10-27
584,600370,三房巷,,,3.9,,,3029.8,,,10-27
585,600015,华夏银行,,,2.78,,,66083.84,,,10-27
586,600817,*ST宏盛,,,1.82,,,2890.59,138.71,,10-27
587,000713,丰乐种业,,,1.81,,,1722.62,-184.82,,10-27
588,600084,中葡股份,,,3.25,,,3298.14,-34.87,,10-27
589,600549,厦门钨业,,,4.94,,,3860.32,,,10-27
590,600587,新华医疗,,,3.66,,,1964.02,27.83,,10-27
591,000157,中联重科,,,2.99,,,16081.32,46.97,,10-27
592,600685,中船防务,,,1.35,,,3566.57,-155.07,,10-27
593,000565,渝三峡A,,,2.09,,,543.28,-16.94,,10-27
594,600358,国旅联合,,,2.02,,,931.97,9.73,,10-27
595,600892,大晟文化,,,0.6,,,-2444.66,118.94,,10-27
596,600556,ST慧球,,,4.28,,,3740.81,41.11,,10-27
597,000815,美利云,,,4.95,,,3378.93,61.89,,10-27
598,000428,华天酒店,,,3.71,,,2128.63,-27.85,,10-27
599,000963,华东医药,,,1.53,,,2900.85,5.7,,10-27
600,600780,通宝能源,,,2.22,,,20051.12,270.14,,10-27
601,000691,ST亚太,,,2.4,,,75.53,-86.59,,10-27
602,600853,龙建股份,,,1.37,,,3897.98,15.85,,10-27
603,600512,腾达建设,,,2.88,,,2901.18,,,10-27
604,000813,德展健康,,,1.7,,,-6071.99,-2654.72,,10-27
605,000930,中粮生化,,,4.91,,,7439.42,24.76,,10-27
606,600130,波导股份,,,7.38,,,16733.11,50.35,,10-27
607,000878,云南铜业,,,2.32,,,4254.38,25.92,,10-27
608,000096,广聚能源,,,3.39,,,9375.67,51.83,,10-27
609,000918,嘉凯城,,,4.03,,,2226.91,814.77,,10-27
610,000513,丽珠集团,,,3.28,,,5413.86,-21.22,,10-27
611,600302,标准股份,,,2.35,,,7649.61,28.48,,10-27
612,000633,*ST合金,,,1.68,,,6761.43,164.44,,10-27
613,600380,健康元,,,5.17,,,9129.93,-40.13,,10-27
614,600031,三一重工,,,6.68,,,23121.28,,,10-27
615,600077,宋都股份,,,2.3,-3.97,,-1336.74,28.33,,10-27
616,600118,中国卫星,,,1.34,,,1090.01,158.0,,10-27
617,600195,中牧股份,,,2.07,,,553.44,-90.12,,10-27
618,000905,厦门港务,,,3.41,,,6111.73,0.07,,10-27
619,000949,新乡化纤,,,2.44,,,14168.9,209.78,,10-27
620,000987,越秀金控,,,2.68,,,2687.65,11.63,,10-27
621,600728,佳都科技,,,3.99,,,1136.59,-24.34,,10-27
622,000600,建投能源,,,1.85,,,-792.68,0.77,,10-27
623,600797,浙大网新,,,2.17,,,3312.1,-45.25,,10-27
624,600815,*ST厦工,,,1.94,,,7342.54,39.97,,10-27
625,600082,海泰发展,,,2.57,,,3557.9,51.08,,10-27
626,600106,重庆路桥,,,3.28,,,5500.19,19.19,,10-27
627,000833,贵糖股份,,,2.39,,,-1364.28,-161.08,,10-27
628,000301,东方市场,,,3.01,,,6328.92,-3.25,,10-27
629,600276,恒瑞医药,,,3.35,,,6148.21,-0.73,,10-27
630,000607,华媒控股,,,3.31,,,4022.35,10.97,,10-27
631,600373,中文传媒,,,2.06,,,317.55,-37.08,,10-27
632,600020,中原高速,,,3.52,,,22362.35,,,10-27
633,600188,兖州煤业,,,3.73,,,85851.72,1.89,,10-27
634,600688,上海石化,,,2.09,,,91113.4,86.93,,10-27
635,600361,华联综超,,,4.81,,,3223.84,13.04,,10-27
636,600379,宝光股份,,,1.75,,,956.58,-0.36,,10-27
637,600499,科达洁能,,,4.08,,,3278.64,29.61,,10-27
638,600546,山煤国际,,,4.95,,,2931.11,,,10-27
639,000803,*ST金宇,,,1.53,,,206.61,-127.72,,10-27
640,600135,乐凯胶片,,,3.03,,,6642.99,-37.04,,10-27
641,600157,永泰能源,,,1.79,,,1038.02,-7.47,,10-27
642,600193,创兴资源,,,1.67,,,455.18,-7.13,,10-27
643,000576,广东甘化,,,2.98,,,1310.93,-117.5,,10-27
644,600796,钱江生化,,,3.22,,,1126.64,48.89,,10-27
645,600814,杭州解百,,,1.66,,,455.2,-24.33,,10-27
646,000688,建新矿业,,,2.87,,,1039.97,-40.39,,10-27
647,600122,宏图高科,,,3.09,,,1579.7,-38.8,,10-27
648,600589,广东榕泰,,,3.79,,,4023.24,-3.31,,10-27
649,600608,*ST沪科,,,2.46,,,2286.0,-11.52,,10-27
650,600644,乐山电力,,,1.83,,,1075.83,-159.05,,10-27
651,600331,宏达股份,,,5.46,,,2587.05,28.16,,10-27
652,600391,成发科技,,,3.14,,,2077.03,22.5,,10-27
653,000750,国海证券,,,2.8,,,55.4,13.85,,10-25
654,600877,*ST嘉陵,,,2.49,,,433.02,-108.53,,10-25
655,600110,诺德股份,,,1.86,,,2855.85,10.53,,10-25
656,600596,新安股份,,,3.92,,,2199.09,28.88,,10-25
657,000089,深圳机场,,,3.36,,,21195.38,-15.39,,10-25
658,600633,浙数文化,,,1.4,6.83,,1406.4,-23.46,,10-25
659,600240,华业资本,,,3.75,,,-1571.6,321.08,,10-25
660,000735,罗牛山,,,2.2,,,1353.13,-47.52,,10-25
661,600872,中炬高新,,,2.81,,,1074.68,-53.16,,10-25
662,600596,新安股份,,,3.92,,,2199.09,28.88,,10-25
663,000089,深圳机场,,,3.36,,,21195.38,-15.39,,10-25
664,600633,浙数文化,,,1.4,6.83,,1406.4,-23.46,,10-25
665,600240,华业资本,,,3.75,,,-1571.6,321.08,,10-25
666,000611,*ST天首,,,1.66,,,1153.47,-13.49,,10-25
667,000750,国海证券,,,2.8,,,55.4,13.85,,10-25
668,600877,*ST嘉陵,,,2.49,,,433.02,-108.53,,10-25
669,600110,诺德股份,,,1.86,,,2855.85,10.53,,10-25
670,000802,北京文化,,,2.35,,,-3359.89,21.27,,10-25
671,000823,超声电子,,,2.38,,,-1194.87,-148.04,,10-25
672,600655,豫园商城,,,3.76,,,3218.67,-49.02,,10-25
673,000430,张家界,,,1.27,,,1303.21,-12.55,,10-25
674,600247,ST成城,,,2.83,,,1452.92,-17.51,,10-25
675,600009,上海机场,,,4.08,,,36335.82,-25.69,,10-25
676,600829,人民同泰,,,2.14,,,1935.31,-28.5,,10-25
677,600080,金花股份,,,3.76,,,1645.06,-28.92,,10-25
678,600866,星湖科技,,,2.73,,,5822.14,2.28,,10-25
679,600116,三峡水利,,,3.1,,,2790.5,-3.89,,10-25
680,000006,深振业A,,,4.68,,,-4842.16,-208.5,,10-25
681,000042,中洲控股,,,5.6,,,902.48,-76.43,,10-25
682,600606,绿地控股,,,3.89,,,3111.93,6.63,,10-25
683,000503,海虹控股,,,2.66,,,4296.1,-14.05,,10-25
684,600818,中路股份,,,0.56,,,3491.15,-40.59,,10-25
685,600855,航天长峰,,,1.46,,,1459.82,12.17,,10-25
686,000030,富奥股份,,,-5.32,,,-547.92,-97.91,,10-25
687,600612,老凤祥,,,1.82,,,1402.83,86.73,,10-25
688,600222,太龙药业,,,3.19,,,611.21,1.54,,10-25
689,600686,金龙汽车,,,2.67,,,6013.53,4.27,,10-25
690,600396,金山股份,,,3.37,5.59,,2378.26,127.62,,10-25
691,000701,厦门信达,,,2.41,,,566.85,10.94,,10-25
692,600893,中航动力,,,2.42,,,1867.2,-158.28,,10-25
693,000801,四川九洲,,,0.84,,,-22.44,-98.63,,10-25
694,600191,华资实业,,,3.91,,,5933.03,2.9,,10-25
695,600228,*ST昌九,,,1.63,,,961.82,25.18,,10-25
696,600654,*ST中安,,,2.5,,,2024.22,21.74,,10-25
697,600246,万通地产,,,3.08,,,-3503.63,10.39,,10-25
698,600675,中华企业,,,1.98,,,1243.43,-83.17,,10-25
699,600267,海正药业,,,3.66,,,11100.48,330.37,,10-25
700,600382,广东明珠,,,3.06,,,2294.01,3.2,,10-25
701,600097,开创国际,,,1.26,,,647.34,-10.99,,10-25
702,600160,巨化股份,,,3.76,,,8580.07,22.52,,10-25
703,600233,圆通速递,,,2.69,,,1447.86,9.12,,10-25
704,000951,中国重汽,,,0.84,,,-7479.1,-43.02,,10-25
705,000521,美菱电器,,,2.52,,,746.78,-13.08,,10-25
706,000970,中科三环,,,1.78,,,3689.47,70.16,,10-25
707,600714,金瑞矿业,,,1.58,,,523.89,-31.18,,10-25
708,000651,格力电器,,,3.97,,,29891.27,10.21,,10-25
709,600389,江山股份,,,2.76,,,2696.64,-15.92,,10-25
710,600051,宁波联合,,,2.81,,,1079.08,-26.08,,10-25
711,600448,华纺股份,,,2.85,,,1226.4,-259.34,,10-25
712,600068,葛洲坝,,,4.77,,,3692.79,-22.5,,10-25
713,600854,春兰股份,,,5.82,,,5407.74,-48.43,,10-25
714,600719,大连热电,,,3.5,,,371.11,-54.0,,10-25
715,000609,绵石投资,,,3.25,,,1571.04,-24.68,,10-25
716,000700,模塑科技,,,2.87,,,5705.53,28.83,,10-25
717,000017,深中华A,,,-4.15,,,-381.26,-77.27,,10-25
718,600153,建发股份,,,6.26,,,11794.85,0.51,,10-25
719,000880,潍柴重机,,,2.14,,,154.86,-95.24,,10-25
720,600686,金龙汽车,,,2.67,,,6013.53,4.27,,10-25
721,600396,金山股份,,,3.37,5.59,,2378.26,127.62,,10-25
722,000701,厦门信达,,,2.41,,,566.85,10.94,,10-25
723,600097,开创国际,,,1.26,,,647.34,-10.99,,10-25
724,000801,四川九洲,,,0.84,,,-22.44,-98.63,,10-25
725,600191,华资实业,,,3.91,,,5933.03,2.9,,10-25
726,600228,*ST昌九,,,1.63,,,961.82,25.18,,10-25
727,600654,*ST中安,,,2.5,,,2024.22,21.74,,10-25
728,600246,万通地产,,,3.08,,,-3503.63,10.39,,10-25
729,600675,中华企业,,,1.98,,,1243.43,-83.17,,10-25
730,600267,海正药业,,,3.66,,,11100.48,330.37,,10-25
731,600382,广东明珠,,,3.06,,,2294.01,3.2,,10-25
732,600068,葛洲坝,,,4.77,,,3692.79,-22.5,,10-25
733,600854,春兰股份,,,5.82,,,5407.74,-48.43,,10-25
734,600160,巨化股份,,,3.76,,,8580.07,22.52,,10-25
735,600233,圆通速递,,,2.69,,,1447.86,9.12,,10-25
736,000951,中国重汽,,,0.84,,,-7479.1,-43.02,,10-25
737,000521,美菱电器,,,2.52,,,746.78,-13.08,,10-25
738,000970,中科三环,,,1.78,,,3689.47,70.16,,10-25
739,600714,金瑞矿业,,,1.58,,,523.89,-31.18,,10-25
740,000651,格力电器,,,3.97,,,29891.27,10.21,,10-25
741,600389,江山股份,,,2.76,,,2696.64,-15.92,,10-25
742,600051,宁波联合,,,2.81,,,1079.08,-26.08,,10-25
743,600448,华纺股份,,,2.85,,,1226.4,-259.34,,10-25
744,600719,大连热电,,,3.5,,,371.11,-54.0,,10-25
745,000609,绵石投资,,,3.25,,,1571.04,-24.68,,10-25
746,000700,模塑科技,,,2.87,,,5705.53,28.83,,10-25
747,600078,澄星股份,,,4.41,,,6269.29,61.11,,10-25
748,000753,漳州发展,,,2.55,,,3879.7,-27.36,,10-25
749,600881,亚泰集团,,,4.1,,,8668.86,16.99,,10-25
750,000017,深中华A,,,-4.15,,,-381.26,-77.27,,10-25
751,600153,建发股份,,,6.26,,,11794.85,0.51,,10-25
752,000880,潍柴重机,,,2.14,,,154.86,-95.24,,10-25
753,600190,锦州港,,,1.04,,,7039.05,102.62,,10-25
754,600616,金枫酒业,,,1.91,,,4882.32,105.57,,10-25
755,000900,现代投资,,,6.39,,,4540.08,-31.92,,10-25
756,600209,罗顿发展,,,1.72,,,822.0,-77.15,,10-25
757,000408,*ST金源,,,3.91,,,319.7,-19.16,,10-25
758,000919,金陵药业,,,4.35,,,7417.56,-16.85,,10-25
759,600227,赤天化,,,4.72,,,5374.02,40.05,,10-25
760,600707,彩虹股份,,,4.37,,,17174.61,47.65,,10-25
761,000596,古井贡酒,,,5.01,,,1631.24,-60.46,,10-25
762,600757,长江传媒,,,2.7,,,3146.97,-27.14,,10-25
763,600485,信威集团,,,4.19,,,1948.74,,,10-25
764,000759,中百集团,,,3.78,,,1156.59,-44.69,,10-25
765,600137,浪莎股份,,,-8.97,,,-2324.54,-68.5,,10-25
766,600621,华鑫股份,,,1.75,,,5881.09,-16.05,,10-25
767,000156,华数传媒,,,5.46,,,1966.82,2.26,,10-25
768,000906,浙商中拓,,,1.69,,,1234.21,7.75,,10-25
769,600641,万业企业,,,4.5,,,3899.38,-41.92,,10-25
770,000415,渤海金控,,,1.88,,,44.08,130.16,,10-25
771,600679,上海凤凰,,,1.46,,,825.75,-44.75,,10-25
772,000582,北部湾港,,,2.44,,,-981.73,-22.7,,10-25
773,600745,中茵股份,,,1.12,,,749.79,-6.94,,10-25
774,600490,鹏欣资源,,,3.94,,,429.69,,,10-25
775,600874,创业环保,,,1.44,,,17352.3,-1.53,,10-25
776,000009,中国宝安,,,1.18,,,666.09,-18.58,,10-25
777,000046,泛海控股,,,4.05,,,1467.24,31.87,,10-25
778,000957,中通客车,,,1.98,,,774.43,-48.13,,10-25
779,600333,长春燃气,,,2.21,,,11875.64,90.55,,10-25
780,600094,大名城,,,3.08,,,4012.35,8.09,,10-25
781,600677,航天通信,,,1.61,,,1608.34,-40.56,,10-25
782,600693,东百集团,,,2.71,,,1701.58,54.72,,10-25
783,600346,恒力股份,,,3.04,,,430.67,-48.39,,10-25
784,000619,海螺型材,,,3.41,,,5395.88,-62.64,,10-25
785,600406,国电南瑞,,,2.64,,,2885.09,,,10-25
786,600064,南京高科,,,3.68,,,5182.76,-20.4,,10-25
787,600850,华东电脑,,,1.12,,,-659.73,-70.76,,10-25
788,000889,茂业通信,,,2.62,,,1927.72,-48.22,,10-24
789,000159,国际实业,,,3.5,,,49.43,-101.24,,10-24
790,600218,全柴动力,,,3.07,,,1000.13,47.45,,10-24
791,000928,中钢国际,,,3.56,,,206.52,-108.66,,10-24
792,000972,*ST中基,,,3.56,,,1622.26,26.19,,10-24
793,600698,湖南天雁,,,-1.5,,,1997.47,86654.16,,10-24
794,600312,平高电气,,,2.99,,,2695.09,43.78,,10-24
795,600418,江淮汽车,,,5.39,,,13649.94,49.34,,10-24
796,000031,中粮地产,,,2.27,,,6635.38,16.68,,10-24
797,600650,锦江投资,,,2.78,,,114.82,-92.32,,10-24
798,000530,大冷股份,,,3.6,,,6830.59,17.64,,10-24
799,600318,新力金融,,,3.11,,,968.07,-24.53,,10-24
800,600498,烽火通信,,,5.56,,,705.66,-87.59,,10-24
801,600563,法拉电子,,,4.39,8.12,,5141.13,,,10-24
802,000019,深深宝A,,,1.47,,,-639.38,-178.76,,10-24
803,600173,卧龙地产,,,2.7,,,410.39,-39.96,,10-24
804,600192,长城电工,,,3.3,,,1335.45,2.49,,10-24
805,000902,新洋丰,,,2.04,,,-2958.03,-1126.23,,10-24
806,600211,西藏药业,,,3.42,,,466.72,-16.72,,10-24
807,600676,交运股份,,,5.95,,,4298.39,20.54,,10-24
808,600726,华电能源,,,2.84,,,16020.65,-9.11,,10-24
809,000573,粤宏远A,,,3.03,,,846.58,251.0,,10-24
810,600323,瀚蓝环境,,,3.67,,,5539.92,-12.93,,10-24
811,600742,一汽富维,,,5.8,,,4304.53,-65.03,,10-24
812,600366,宁波韵升,,,2.17,,,4801.3,11.39,,10-24
813,600383,金地集团,,,5.33,,,9360.03,3106.43,,10-24
814,600403,*ST大有,,,3.46,,,782.72,,,10-24
815,600435,北方导航,,,5.64,,,1972.67,,,10-24
816,000810,创维数字,,,1.51,,,1268.05,21.17,,10-24
817,000025,特力A,,,0.92,,,-221.06,-82.83,,10-24
818,600179,安通控股,,,2.45,,,2015.33,52.91,,10-24
819,600198,大唐电信,,,4.22,,,-8915.26,215.71,,10-24
820,000417,合肥百货,,,4.0,,,1483.44,-23.73,,10-24
821,000952,广济药业,,,3.02,,,1032.03,-46.32,,10-24
822,600352,浙江龙盛,,,3.41,,,8302.16,,,10-24
823,600390,五矿资本,,,6.53,,,-188.63,-110.86,,10-24
824,000796,凯撒旅游,,,4.34,,,1062.29,-44.28,,10-24
825,000011,深物业A,,,0.65,,,1268.89,47.03,,10-24
826,000547,航天发展,,,3.54,,,254.75,67.45,,10-24
827,600359,新农开发,,,3.12,,,1805.66,-167.74,,10-24
828,600789,鲁抗医药,,,4.04,4.27,,5991.75,16.63,,10-24
829,600057,象屿股份,,,3.34,,,54443.05,46.43,,10-24
830,600860,*ST京城,,,2.84,,,7761.24,18.03,,10-24
831,600109,国金证券,,,2.71,,,1150.58,-183.32,,10-24
832,600533,栖霞建设,,,3.73,,,3230.15,41.54,,10-24
833,000636,风华高科,,,3.93,,,2425.46,-24.33,,10-24
834,600062,华润双鹤,,,3.52,,,13058.76,-5.99,,10-24
835,600847,*ST万里,,,0.61,,,-904.27,-8766.84,,10-24
836,600138,中青旅,,,4.27,,,469.69,-93.0,,10-24
837,000623,吉林敖东,,,4.72,,,4493.37,-21.43,,10-24
838,600148,长春一东,,,1.94,,,1707.33,29.0,,10-24
839,600576,万家文化,,,3.18,,,2244.28,,,10-24
840,600057,象屿股份,,,3.34,,,54443.05,46.43,,10-24
841,600860,*ST京城,,,2.84,,,7761.24,18.03,,10-24
842,600109,国金证券,,,2.71,,,1150.58,-183.32,,10-24
843,600533,栖霞建设,,,3.73,,,3230.15,41.54,,10-24
844,000796,凯撒旅游,,,4.34,,,1062.29,-44.28,,10-24
845,000011,深物业A,,,0.65,,,1268.89,47.03,,10-24
846,000636,风华高科,,,3.93,,,2425.46,-24.33,,10-24
847,600062,华润双鹤,,,3.52,,,13058.76,-5.99,,10-24
848,600847,*ST万里,,,0.61,,,-904.27,-8766.84,,10-24
849,000623,吉林敖东,,,4.72,,,4493.37,-21.43,,10-24
850,600138,中青旅,,,4.27,,,469.69,-93.0,,10-24
851,000913,*ST钱江,,,2.79,,,6262.21,-4.87,,10-24
852,600376,首开股份,,,3.95,,,191.26,-67.71,,10-24
853,000768,中航飞机,,,4.91,,,2455.86,-30.82,,10-24
854,600108,亚盛集团,,,2.4,,,7164.2,10.5,,10-24
855,000795,英洛华,,,2.75,,,304.44,1235.26,,10-24
856,600148,长春一东,,,1.94,,,1707.33,29.0,,10-24
857,600576,万家文化,,,3.18,,,2244.28,,,10-24
858,600243,青海华鼎,,,2.62,,,806.46,-26.28,,10-24
859,600724,宁波富达,,,1.64,,,5027.38,27.06,,10-24
860,600810,神马股份,,,6.0,,,1591.16,33.45,,10-24
861,600501,航天晨光,,,2.48,,,982.82,-33.64,,10-24
862,600131,岷江水电,,,1.26,,,2380.95,-29.66,,10-24
863,600561,江西长运,,,3.06,,,2420.96,9.88,,10-24
864,000850,华茂股份,,,1.79,,,4962.26,-21.48,,10-24
865,000501,鄂武商A,,,1.96,,,15.66,-97.02,,10-24
866,000950,*ST建峰,,,2.09,,,-504.43,-86.76,,10-24
867,000969,安泰科技,,,4.66,,,4458.02,7.01,,10-24
868,000988,华工科技,,,2.81,4.66,,2900.06,15.26,,10-24
869,600350,山东高速,,,1.87,,,39275.89,4.31,,10-24
870,000622,恒立实业,,,1.18,,,266.21,-45.93,,10-24
871,000650,仁和药业,,,1.73,,,751.46,144.18,,10-24
872,000712,锦龙股份,,,2.89,,,1049.16,-1.89,,10-24
873,600101,明星电力,,,6.46,,,6599.42,-0.76,,10-24
874,000039,中集集团,,,6.72,,,57073.26,51.81,,10-24
875,600604,市北高新,,,1.15,,,1505.89,246.47,,10-24
876,600021,上海电力,,,3.64,10.0,1.47,47595.23,,,10-24
877,600838,上海九百,,,1.5,,,454.14,-48.13,,10-24
878,000793,华闻传媒,,,4.33,,,7481.31,-0.58,,10-24
879,600165,新日恒力,,,2.72,,,-1726.37,-190.37,,10-24
880,600201,生物股份,,,5.05,,,2868.22,9.32,,10-24
881,000936,华西股份,,,3.72,7.59,,4569.92,-4.72,,10-24
882,000551,创元科技,,,2.23,,,3166.63,-8.74,,10-24
883,600339,*ST油工,,,1.92,,,3485.24,0.47,,10-24
884,600399,抚顺特钢,,,2.81,,,1390.44,-67.34,,10-24
885,000705,浙江震元,,,3.48,,,857.75,-38.2,,10-24
886,600845,宝信软件,,,1.32,,,4340.39,-0.63,,10-24
887,000752,西藏发展,,,2.33,,,3266.99,11.11,,10-24
888,000779,三毛派神,,,4.15,,,530.95,-45.54,,10-24
889,600580,卧龙电气,,,2.54,,,2397.15,12.85,,10-24
890,000899,赣能股份,,,2.63,,,5361.06,58.97,,10-24
891,600208,新湖中宝,,,2.41,,,-1966.66,-10.68,,10-24
892,600250,南纺股份,,,3.61,,,4857.41,105.43,,10-24
893,600694,大商股份,,,5.04,,,6845.89,13.38,,10-24
894,000155,*ST川化,,,3.22,,,10179.67,79.75,,10-24
895,600664,哈药股份,,,3.28,,,30454.75,32.74,,10-24
896,000627,天茂集团,,,1.13,,,-2321.79,-219.93,,10-24
897,000697,炼石有色,,,3.42,,,762.04,-24.61,,10-24
898,000717,韶钢松山,,,4.74,,,63857.1,159.45,,10-24
899,600873,梅花生物,,,1.7,,,-1224.82,-33.48,,10-24
900,600435,北方导航,,,5.64,,,1972.67,,,10-24
901,600563,法拉电子,,,4.39,8.12,,5141.13,,,10-24
902,000019,深深宝A,,,1.47,,,-639.38,-178.76,,10-24
903,600179,安通控股,,,2.45,,,2015.33,52.91,,10-24
904,600198,大唐电信,,,4.22,,,-8915.26,215.71,,10-24
905,000417,合肥百货,,,4.0,,,1483.44,-23.73,,10-24
906,000952,广济药业,,,3.02,,,1032.03,-46.32,,10-24
907,600352,浙江龙盛,,,3.41,,,8302.16,,,10-24
908,600390,五矿资本,,,6.53,,,-188.63,-110.86,,10-24
909,000810,创维数字,,,1.51,,,1268.05,21.17,,10-24
910,000025,特力A,,,0.92,,,-221.06,-82.83,,10-24
911,000402,金融街,,,3.49,,,14262.18,67.6,,10-23
912,600649,城投控股,,,2.85,,,34810.91,3.67,,10-23
913,000566,海南海药,,,-0.59,,,1752.79,79.56,,10-23
914,600736,苏州高新,,,3.24,,,7147.53,17.63,,10-23
915,000610,西安旅游,,,2.05,,,-116.06,-125.76,,10-23
916,600425,*ST青松,,,2.52,,,2339.95,,,10-23
917,000059,华锦股份,,,1.91,,,240.48,0.64,,10-23
918,000429,粤高速A,,,2.79,4.11,,14141.57,-7.65,,10-23
919,000516,国际医学,,,3.0,,,2504.08,13.18,,10-23
920,000755,*ST三维,,,3.4,,,2235.11,-44.15,,10-23
921,600882,广泽股份,,,2.66,,,665.55,31.94,,10-23
922,600898,三联商社,,,1.37,,,2083.18,8.84,,10-23
923,600605,汇通能源,,,1.57,,,2186.59,150.11,,10-23
924,000065,北方国际,,,2.29,,,1453.59,24.76,,10-23
925,600746,江苏索普,,,1.11,,,337.9,-130.13,,10-23
926,600508,上海能源,,,4.04,,,15315.51,16.05,,10-23
927,600611,大众交通,,,3.88,,,12992.26,-22.08,,10-23
928,000629,*ST钒钛,,,5.13,10.1,,50550.31,33.92,,10-23
929,000719,大地传媒,,,2.14,,,329.76,-46.19,,10-23
930,600581,八一钢铁,,,3.8,,,20885.73,73.94,,10-23
931,000514,渝开发,,,1.06,,,398.62,528.77,,10-23
932,000533,万家乐,,,0.78,,,6401.85,-182.99,,10-23
933,000552,靖远煤电,,,1.01,,,-1638.61,-44.79,,10-23
934,000615,京汉股份,,,4.15,,,2896.11,-10.12,,10-23
935,600309,万华化学,,,2.39,,,18663.94,50.07,,10-23
936,600439,瑞贝卡,,,4.48,,,3319.96,,,10-23
937,600525,长园集团,,,3.03,,,3192.23,,,10-23
938,000028,国药一致,,,1.16,,,752.17,-26.79,,10-23
939,000912,泸天化,,,2.86,,,14247.93,46.93,,10-23
940,600647,同达创业,,,-0.41,,,-408.24,25.77,,10-23
941,000975,银泰资源,,,2.59,,,4590.81,26.35,,10-23
942,600750,江中药业,,,4.06,,,4257.11,33.43,,10-23
943,000767,漳泽电力,,,3.03,,,14935.54,47.0,,10-23
944,000799,酒鬼酒,,,3.63,,,-1696.83,-704.14,,10-23
945,000038,深大通,,,1.4,,,434.36,25.2,,10-23
946,000498,山东路桥,,,1.09,,,847.15,-114.14,,10-23
947,000519,中兵红箭,,,2.48,,,1028.88,39.12,,10-23
948,000538,云南白药,,,2.99,,,9179.0,30.01,,10-23
949,600712,南宁百货,,,2.9,,,25.33,-94.39,,10-23
950,000021,深科技,,,3.29,,,12297.53,116.65,,10-23
951,000911,南宁糖业,,,3.09,,,6285.65,-10.11,,10-23
952,000544,中原环保,,,0.04,,,20.88,-101.45,,10-23
953,000563,陕国投A,,,1.32,,,1146.2,-45.76,,10-23
954,000736,中房地产,,,4.11,,,1268.34,6.78,,10-23
955,000008,神州高铁,,,-0.3,,,36.65,-107.55,,10-23
956,600597,光明乳业,,,2.75,,,20276.86,33.7,,10-23
957,000935,四川双马,,,1.71,,,872.42,-51.02,,10-23
958,000531,穗恒运A,,,2.61,,,9329.64,63.16,,10-23
959,600301,ST南化,,,2.95,,,3717.25,76.28,,10-23
960,600581,八一钢铁,,,3.8,,,20885.73,73.94,,10-23
961,600309,万华化学,,,2.39,,,18663.94,50.07,,10-23
962,600439,瑞贝卡,,,4.48,,,3319.96,,,10-23
963,600525,长园集团,,,3.03,,,3192.23,,,10-23
964,000912,泸天化,,,2.86,,,14247.93,46.93,,10-23
965,600647,同达创业,,,-0.41,,,-408.24,25.77,,10-23
966,000975,银泰资源,,,2.59,,,4590.81,26.35,,10-23
967,600750,江中药业,,,4.06,,,4257.11,33.43,,10-23
968,000767,漳泽电力,,,3.03,,,14935.54,47.0,,10-23
969,000028,国药一致,,,1.16,,,752.17,-26.79,,10-23
970,000799,酒鬼酒,,,3.63,,,-1696.83,-704.14,,10-23
971,000498,山东路桥,,,1.09,,,847.15,-114.14,,10-23
972,000519,中兵红箭,,,2.48,,,1028.88,39.12,,10-23
973,000538,云南白药,,,2.99,,,9179.0,30.01,,10-23
974,600712,南宁百货,,,2.9,,,25.33,-94.39,,10-23
975,000021,深科技,,,3.29,,,12297.53,116.65,,10-23
976,000038,深大通,,,1.4,,,434.36,25.2,,10-23
977,000911,南宁糖业,,,3.09,,,6285.65,-10.11,,10-23
978,000544,中原环保,,,0.04,,,20.88,-101.45,,10-23
979,000563,陕国投A,,,1.32,,,1146.2,-45.76,,10-23
980,000736,中房地产,,,4.11,,,1268.34,6.78,,10-23
981,000008,神州高铁,,,-0.3,,,36.65,-107.55,,10-23
982,000935,四川双马,,,1.71,,,872.42,-51.02,,10-23
983,000531,穗恒运A,,,2.61,,,9329.64,63.16,,10-23
984,600301,ST南化,,,2.95,,,3717.25,76.28,,10-23
985,000682,东方电子,,,0.24,,,701.82,-107.9,,10-23
986,000014,沙河股份,,,2.72,,,1342.48,133.28,,10-23
987,600597,光明乳业,,,2.75,,,20276.86,33.7,,10-23
988,600230,沧州大化,,,2.56,,,2191.83,32.94,,10-22
989,000948,南天信息,,,3.51,,,159.79,-93.43,,10-22
990,600288,大恒科技,,,3.52,,,2646.5,-0.37,,10-22
991,600038,中直股份,,,3.94,,,2980.26,1.67,,10-22
992,000757,浩物股份,,,3.32,,,807.35,23.37,,10-22
993,000037,深南电A,,,2.59,,,28682.16,26.56,,10-22
994,000153,丰原药业,,,8.84,,,1360.71,-35.21,,10-22
995,000606,神州易桥,,,1.85,,,239.58,-57.89,,10-22
996,600070,浙江富润,,,4.5,,,2096.83,37.58,,10-22
997,600162,香江控股,,,3.68,,,3116.96,52.75,,10-22
998,000510,金路集团,,,1.41,,,8301.15,0.04,,10-22
999,000978,桂林旅游,,,2.14,,,735.43,-79.04,,10-22
1000,600894,广日股份,,,2.45,,,10915.7,79.21,,10-22
1001,000410,*ST沈机,,,2.33,,,1933.86,224.36,,10-22
1002,000983,西山煤电,,,3.98,,,20034.08,30.04,,10-22
1003,600777,新潮能源,,,4.99,,,5567.98,-0.59,,10-22
1004,600795,国电电力,,,3.74,,,50850.73,8.0,,10-22
1005,600521,华海药业,,,6.59,,,5464.91,,,10-22
1006,600583,海油工程,,,5.48,,,10961.39,27.07,,10-22
1007,000151,中成股份,,,2.79,,,2767.58,-23.79,,10-22
1008,000909,数源科技,,,2.73,,,310.55,1.77,,10-22
1009,000990,诚志股份,,,4.14,,,3190.35,6.3,,10-22
1010,000605,渤海股份,,,1.58,11.15,,1380.46,266.2,,10-22
1011,600801,华新水泥,,,2.33,,,2587.2,7.41,,10-22
1012,000693,*ST华泽,,,2.19,,,1766.67,78.03,,10-22
1013,000715,中兴商业,,,3.03,,,3991.75,24.4,,10-22
1014,600487,亨通光电,,,4.62,,,2351.4,,,10-22
1015,600569,安阳钢铁,,,3.85,,,61310.11,63.07,,10-22
1016,000932,*ST华菱,,,3.15,,,56015.0,39.66,,10-22
1017,000529,广弘控股,,,0.87,,,-5205.16,-1040.96,,10-22
1018,600823,世茂股份,,,2.01,,,98.57,-7.91,,10-22
1019,600462,九有股份,,,4.41,,,1925.81,,,10-22
1020,000027,深圳能源,,,2.75,,,43102.81,-7.64,,10-22
1021,600163,中闽能源,,,3.68,,,1119.99,-82.85,,10-22
1022,000069,华侨城A,,,1.72,,,19454.57,65.8,,10-22
1023,600683,京投发展,,,1.44,,,1155.79,29.41,,10-22
1024,600076,康欣新材,,,4.08,,,2327.84,-42.83,,10-22
1025,000798,中水渔业,,,3.02,,,1098.7,-253.05,,10-22
1026,600207,安彩高科,,,5.24,,,14356.63,214.31,,10-22
1027,000612,焦作万方,,,1.96,,,9755.78,1.41,,10-22
1028,600038,中直股份,,,3.94,,,2980.26,1.67,,10-22
1029,000757,浩物股份,,,3.32,,,807.35,23.37,,10-22
1030,000037,深南电A,,,2.59,,,28682.16,26.56,,10-22
1031,000153,丰原药业,,,8.84,,,1360.71,-35.21,,10-22
1032,600230,沧州大化,,,2.56,,,2191.83,32.94,,10-22
1033,000948,南天信息,,,3.51,,,159.79,-93.43,,10-22
1034,600288,大恒科技,,,3.52,,,2646.5,-0.37,,10-22
1035,600070,浙江富润,,,4.5,,,2096.83,37.58,,10-22
1036,600162,香江控股,,,3.68,,,3116.96,52.75,,10-22
1037,000606,神州易桥,,,1.85,,,239.58,-57.89,,10-22
1038,600894,广日股份,,,2.45,,,10915.7,79.21,,10-22
1039,000510,金路集团,,,1.41,,,8301.15,0.04,,10-22
1040,000978,桂林旅游,,,2.14,,,735.43,-79.04,,10-22
1041,600521,华海药业,,,6.59,,,5464.91,,,10-22
1042,600583,海油工程,,,5.48,,,10961.39,27.07,,10-22
1043,000151,中成股份,,,2.79,,,2767.58,-23.79,,10-22
1044,000410,*ST沈机,,,2.33,,,1933.86,224.36,,10-22
1045,000983,西山煤电,,,3.98,,,20034.08,30.04,,10-22
1046,600777,新潮能源,,,4.99,,,5567.98,-0.59,,10-22
1047,600795,国电电力,,,3.74,,,50850.73,8.0,,10-22
1048,600801,华新水泥,,,2.33,,,2587.2,7.41,,10-22
1049,000693,*ST华泽,,,2.19,,,1766.67,78.03,,10-22
1050,000715,中兴商业,,,3.03,,,3991.75,24.4,,10-22
1051,600487,亨通光电,,,4.62,,,2351.4,,,10-22
1052,600569,安阳钢铁,,,3.85,,,61310.11,63.07,,10-22
1053,000909,数源科技,,,2.73,,,310.55,1.77,,10-22
1054,000990,诚志股份,,,4.14,,,3190.35,6.3,,10-22
1055,000605,渤海股份,,,1.58,11.15,,1380.46,266.2,,10-22
1056,600823,世茂股份,,,2.01,,,98.57,-7.91,,10-22
1057,600462,九有股份,,,4.41,,,1925.81,,,10-22
1058,000049,德赛电池,,,0.88,,,-1593.92,31.41,,10-22
1059,000895,双汇发展,,,4.73,,,20145.05,28.87,,10-22
1060,000932,*ST华菱,,,3.15,,,56015.0,39.66,,10-22
1061,000529,广弘控股,,,0.87,,,-5205.16,-1040.96,,10-22
1062,000667,美好置业,,,2.05,,,3676.76,1399.15,,10-22
1063,600562,国睿科技,,,3.81,,,1684.42,,,10-22
1064,000901,航天科技,,,1.63,,,1059.89,-25.81,,10-22
1065,600708,光明地产,,,1.94,,,5492.55,51.97,,10-22
1066,600365,通葡股份,,,3.78,,,330.89,-44.56,,10-22
1067,600103,青山纸业,,,2.24,,,2027.51,-38.46,,10-22
1068,000416,民生控股,,,1.53,,,12694.56,-2.82,,10-22
1069,000989,九芝堂,,,4.87,,,5545.0,36.11,,10-22
1070,600423,*ST柳化,,,4.06,,,3569.94,,,10-21
1071,000421,南京公用,,,2.21,,,1377.43,-24.37,,10-21
1072,600702,沱牌舍得,,,4.78,,,697.96,-26.02,,10-21
1073,000800,一汽轿车,,,2.97,7.02,,32446.19,113.94,,10-21
1074,600599,熊猫金控,,,2.22,,,95.09,-92.49,,10-21
1075,002181,粤传媒,,,2.88,,0.34,3990.67,-6.35,,10-21
1076,600775,南京熊猫,,,1.64,,,4295.08,0.23,,10-21
1077,600409,三友化工,,,2.95,,,4744.69,,,10-21
1078,000828,东莞控股,,,1.97,5.67,,12604.75,187.24,,10-21
1079,600232,金鹰股份,,,2.49,,,6832.99,79.69,,10-21
1080,600692,亚通股份,,,2.12,,,1429.97,14.5,,10-21
1081,600133,东湖高新,,,2.52,,,1734.98,-35.12,,10-21
1082,000560,昆百大A,,,-0.84,,,2559.63,-204.65,,10-21
1083,600311,荣华实业,,,5.23,,,5241.54,16.17,,10-21
1084,600416,湘电股份,,,3.31,,,2838.52,-9.19,,10-21
1085,000158,常山股份,,,3.36,,,6640.08,12.83,,10-21
1086,600317,营口港,,,3.79,,,4987.3,3.85,,10-21
1087,600806,*ST昆机,,,2.09,,,610.39,72.39,,10-21
1088,000920,南方汇通,,,4.21,,,4184.61,-44.77,,10-21
1089,600285,羚锐制药,,,4.24,,,1097.01,6.35,,10-21
1090,000553,沙隆达A,,,2.93,,,657.43,-127.62,,10-21
1091,000572,海马汽车,,,0.02,,,-112.7,-77.85,,10-21
1092,000726,鲁泰A,,,3.34,,,15154.45,44.8,,10-21
1093,600502,安徽水利,,,3.65,,,1491.64,,,10-21
1094,000822,山东海化,,,4.05,,,11443.54,5.25,,10-21
1095,000926,福星股份,,,2.8,,,5631.98,43.52,,10-21
1096,600291,西水股份,,,3.92,,,4629.85,48.15,,10-21
1097,000584,友利控股,,,1.5,,,1165.41,6.86,,10-21
1098,600120,浙江东方,,,1.82,,,7909.55,15.34,,10-21
1099,000421,南京公用,,,2.21,,,1377.43,-24.37,,10-21
1100,600702,沱牌舍得,,,4.78,,,697.96,-26.02,,10-21
1101,600423,*ST柳化,,,4.06,,,3569.94,,,10-21
1102,002181,粤传媒,,,2.88,,0.34,3990.67,-6.35,,10-21
1103,600775,南京熊猫,,,1.64,,,4295.08,0.23,,10-21
1104,000800,一汽轿车,,,2.97,7.02,,32446.19,113.94,,10-21
1105,600599,熊猫金控,,,2.22,,,95.09,-92.49,,10-21
1106,600232,金鹰股份,,,2.49,,,6832.99,79.69,,10-21
1107,600409,三友化工,,,2.95,,,4744.69,,,10-21
1108,000828,东莞控股,,,1.97,5.67,,12604.75,187.24,,10-21
1109,600665,天地源,,,1.76,,,1500.92,2.71,,10-21
1110,600785,新华百货,,,5.01,,,3526.67,-3.24,,10-21
1111,600792,云煤能源,,,1.79,,,1925.68,312.98,,10-21
1112,000723,美锦能源,,,1.67,,,1982.07,13.13,,10-21
1113,000820,神雾节能,,,2.57,,,235.23,-72.64,,10-21
1114,000848,承德露露,,,2.81,,,1490.81,-57.28,,10-21
1115,000639,西王食品,,,1.31,,,719.06,-15.01,,10-21
1116,000711,京蓝科技,,,2.86,,,385.96,-70.83,,10-21
1117,000729,燕京啤酒,,,5.93,,,25101.49,21.1,,10-21
1118,000677,恒天海龙,,,2.69,,,2425.63,9.81,,10-21
1119,000890,法尔胜,,,3.24,,,1570.16,-47.79,,10-21
1120,600319,亚星化学,,,3.3,,,3751.57,-13.57,,10-21
1121,000663,永安林业,,,1.98,,,1343.77,617.51,,10-21
1122,600808,马钢股份,,,2.1,,,169258.5,569.96,,10-21
1123,000722,湖南发展,,,4.66,,-0.7,1927.91,-63.73,,10-21
1124,000751,锌业股份,,,3.07,,,6428.6,-23.24,,10-21
1125,000778,新兴铸管,,,4.17,,,45480.42,38.93,,10-21
1126,000756,新华制药,,,3.13,,,4962.6,-12.9,,10-20
1127,600782,新钢股份,,,1.47,,,1498.44,-16.27,,10-20
1128,600764,中电广通,,,1.41,,,1748.0,-41.91,,10-20
1129,600432,*ST吉恩,,,2.54,,,3111.77,,,10-20
1130,600552,凯盛科技,,,3.46,,0.37,785.73,,,10-20
1131,600573,惠泉啤酒,,,3.7,,,3043.98,,,10-20
1132,600456,宝钛股份,,,3.19,,,5376.27,45.91,,10-18
1133,600488,天药股份,,,3.41,,,6170.62,-13.39,,10-18
1134,000068,华控赛格,,,2.18,,,10604.69,-0.26,,10-18
1135,000933,神火股份,,,4.44,,,11047.45,16.06,,10-18
1136,600206,有研新材,,,4.49,,,75.84,-103.41,,10-18
1137,600601,方正科技,,,2.95,,,10084.17,27.63,,10-18
1138,000060,中金岭南,,,2.56,,,4837.18,37.49,,10-18
1139,600273,嘉化能源,,,2.81,,,1994.84,,,10-18
1140,600697,欧亚集团,,,4.03,,,2273.36,3.26,,10-18
1141,600069,银鸽投资,,,1.13,,,2468.54,145.6,,10-18
1142,600595,中孚实业,,,3.99,,,5091.61,19.66,,10-18
1143,000422,湖北宜化,,,3.88,,,4947.27,-0.61,,10-18
1144,000591,太阳能,,,2.74,,,732.89,-16.29,,10-18
1145,600539,狮头股份,,,3.63,,,2389.62,-4.15,,10-18
1146,600415,小商品城,,,3.5,,,5105.71,70.55,,10-18
1147,600666,奥瑞德,,,1.78,,,1694.95,0.89,,10-18
1148,000925,众合科技,,,4.33,,,1047.23,8.96,,10-18
1149,600763,通策医疗,,,0.26,,,-239.46,-7.32,,10-18
1150,600507,方大特钢,,,3.98,,,3298.77,,,10-18
1151,000526,*ST紫学,,,2.09,,,180.11,-143.23,,10-18
1152,000589,黔轮胎A,,,3.47,,,2651.7,7.46,,10-18
1153,600422,昆药集团,,,5.87,,,4527.33,57.8,,10-18
1154,000858,五粮液,,,4.32,,,54756.9,9.03,,10-18
1155,000581,威孚高科,,,4.52,,,16668.91,11.31,,10-18
1156,600868,梅雁吉祥,,,2.34,,,13593.91,9.35,,10-18
1157,000766,通化金马,,,1.07,,,-835.86,-187.97,,10-18
1158,600123,兰花科创,,,2.64,,,10425.87,106.0,,10-18
1159,600529,山东药玻,,,5.6,,,5123.45,37.4,,10-17
1160,000662,天夏智慧,,,2.18,,,5835.77,241.87,,10-17
1161,000668,荣丰控股,,,2.57,,,3852.48,114.46,,10-17
1162,000851,高鸿股份,,,0.94,,,2148.03,-125.39,,10-17
1163,000063,中兴通讯,,,6.85,,,29549.07,72.42,,10-17
1164,000731,四川美丰,,,3.54,,,7828.95,41.21,,10-17
1165,600367,红星发展,,,3.97,,,8786.09,30.35,,10-17
1166,600293,三峡新材,,,2.68,,,753.88,-15.5,,10-16
1167,600824,益民集团,,,3.68,,,3728.05,-11.06,,10-16
1168,600720,祁连山,,,1.84,,,2933.92,-22.19,,10-16
1169,600172,黄河旋风,,,2.94,,,2438.23,13.76,,10-16
1170,000686,东北证券,,,2.77,,,791.51,13.74,,10-16
1171,000099,中信海直,,,4.17,,,6595.03,49.8,,10-16
1172,600660,福耀玻璃,,,2.94,,,23836.21,87.93,,10-16
1173,600610,中毅达,,,1.03,,,746.98,65.88,,10-16
1174,600469,风神股份,,,2.15,15.57,0.42,5587.92,,,10-16
1175,600585,海螺水泥,,,3.07,,,41397.71,138.19,,10-16
1176,600408,安泰集团,,,2.88,,,4780.76,,,10-16
1177,600200,江苏吴中,,,3.0,,,3910.21,-15.12,,10-16
1178,000419,通程控股,,,3.32,,,1040.21,-12.39,,10-16
1179,600287,江苏舜天,,,3.65,,,6667.45,-1.28,,10-15
1180,600219,南山铝业,,,5.85,,,12209.52,21.61,,10-15
1181,600398,海澜之家,,,3.53,,,7041.01,11.07,,10-15
1182,600710,*ST常林,,,1.88,,,13959.41,319.37,,10-14
1183,600822,上海物贸,,,1.15,,,-1110.77,-204.91,,10-14
1184,600231,凌钢股份,,,3.29,,,31033.57,135.37,,10-14
1185,000888,峨眉山A,,,3.52,,,2145.28,-8.04,,10-11
1186,600386,北巴传媒,,,4.81,,,5041.87,-42.83,,10-11
1187,600598,北大荒,,,2.58,,,29169.75,0.67,,10-10
