,code,name,roe,net_profit_ratio,gross_profit_rate,net_profits,eps,business_income,bips
0,600083,博信股份,621.15,9.45,23.1894,8.1379,0.0353,86.0578,0.3741
1,000546,金圆股份,333.8,1634.56,18.4317,22.5854,0.1332,1.3817,0.0081
2,002017,东信和平,88.96,10.49,19.4828,69.5958,1.0576,663.053,10.0767
3,002168,深圳惠程,88.45,28.59,36.1403,21.1717,0.5710000000000001,74.031,1.9968
4,600565,迪马股份,65.28,9.98,27.0562,47.2501,0.7875,473.2276,7.8871
5,600521,华海药业,59.17,23.96,42.861999999999995,42.6101,0.6555,177.8058,2.7354
6,600446,金证股份,53.1,10.79,33.0379,30.0166,0.5918,278.0931,5.4829
7,000619,海螺型材,48.76,17.48,25.9219,188.4366,1.2562,1077.7524,7.185
8,600375,华菱星马,47.96,6.69,17.4837,34.5926,0.6487,517.0359,9.6959
9,002019,亿帆医药,47.25,27.06,39.9789,24.7214,0.6592,91.3354,2.4356
10,002005,德豪润达,46.67,10.84,25.4469,46.1834,0.6157,426.0113,5.6801
11,600410,华胜天成,45.92,9.83,22.6493,50.0645,0.7152,508.971,7.271
12,600355,精伦电子,45.18,28.27,61.1227,83.5273,0.9076,295.4541,3.2106
13,600571,信雅达,44.06,17.63,39.7955,28.064,0.6936,159.1533,3.9335
14,000402,金融街,43.59,17.61,30.7472,151.048,1.1996,857.2825,6.8088
15,600535,天士力,43.07,15.02,77.5136,102.8714,0.7347,684.5558,4.8896
16,600487,亨通光电,42.85,8.76,32.007,70.3269,0.7718,802.7593,8.8099
17,600594,益佰制药,41.21,12.31,41.7151,34.0546,0.7245,276.5319,5.8836
18,002008,大族激光,40.9,24.16,43.3315,25.5565,0.3193,105.7645,1.3217
19,600536,中国软件,40.2,9.25,24.6411,30.1067,0.5557,325.2093,6.0031
20,600510,黑牡丹,38.96,9.88,22.3108,87.0493,0.805,880.6506,8.1448
21,600658,电子城,36.97,19.25,14.27,101.7563,0.6092,528.5933,3.1647
22,600485,信威集团,36.28,22.67,62.2749,23.0747,0.4585,101.7806,2.0228
23,600988,赤峰黄金,36.18,8.56,21.385,31.0603,0.4736,362.5854,5.5289
24,002021,中捷资源,36.07,10.4,30.8731,23.5156,0.3919,225.8967,3.7649
25,600436,片仔癀,35.72,26.9,63.4417,52.1622,0.5216,193.8938,1.9389
26,600256,广汇能源,35.66,14.67,22.0746,304.1216,0.5056,2071.8301,3.4448
27,002004,华邦健康,35.55,17.87,67.5907,31.1084,0.4713,174.0543,2.6371
28,600031,三一重工,34.97,16.57,51.3718,91.2461,0.5069,550.3451,3.0574
29,600392,盛和资源,34.87,8.2,14.3644,18.3718,0.3803,224.0429,4.6385
30,600499,科达洁能,33.81,16.91,27.6255,24.9723,0.7074,147.6209,4.1818
31,002028,思源电气,33.39,23.84,54.7148,21.7447,0.5491,91.1801,2.3025
32,001696,宗申动力,33.22,6.18,13.2092,9.3037,0.0679,150.3806,1.0987
33,600593,大连圣亚,33.03,34.0,73.1884,23.1329,0.3855,68.0243,1.1337
34,002016,世荣兆业,32.31,25.0,65.6578,12.0244,0.3997,48.0915,1.5986
35,600581,八一钢铁,32.18,6.78,14.1732,209.4251,0.7494,3088.6494,11.0534
36,002022,科华生物,31.95,19.85,68.8181,26.1799,0.5158,131.8535,2.5980000000000003
37,600570,恒生电子,31.73,8.85,26.3454,27.912,0.5472,315.2709,6.1817
38,600586,金晶科技,31.14,11.9,31.1935,45.8954,0.742,385.4774,6.2324
39,002012,凯恩股份,30.86,18.25,50.1193,24.7622,0.3165,135.6462,1.7342
40,600403,*ST大有,30.55,13.61,43.6813,13.623,0.3337,100.0514,2.4513
41,600015,华夏银行,30.54,12.01,28.2111,640.2589,0.2561,5329.916,2.1319
42,000011,深物业A,30.21,8.45,31.4748,86.3859,0.1594,1021.6394,1.8856
43,600597,光明乳业,29.96,4.62,33.8029,162.9066,0.325,3520.2106,7.0238
44,600549,厦门钨业,29.94,8.68,29.9769,61.3243,0.6813,705.706,7.8411
45,002010,传化智联,29.87,7.05,28.5425,21.3401,0.3556,302.6059,5.0434
46,600438,通威股份,29.77,10.11,18.576,51.3308,0.4588,507.4783,4.5359
47,600582,天地科技,29.5,17.44,38.8799,31.2006,0.624,178.8378,3.5767
48,002034,美欣达,29.4,6.05,13.6572,16.2588,0.3534,268.5186,5.8373
49,600327,大东方,29.13,2.74,10.982000000000001,32.3465,0.4709,1176.3815,17.1259
50,600577,精达股份,29.11,6.27,23.4733,19.8443,0.4961,316.2794,7.9069
51,002011,盾安环境,28.89,10.37,39.2355,12.5587,0.2908,121.024,2.8026
52,002023,海特高新,28.87,30.96,68.4278,24.2308,0.4454,78.2474,1.4385
53,600481,双良节能,28.82,17.75,43.9627,71.9862,0.3185,405.4693,1.7941
54,600271,航天信息,28.55,15.02,32.0854,79.7619,0.6646,530.8555,4.4237
55,002031,巨轮智能,28.55,22.44,49.8693,30.0796,0.292,134.0175,1.3011
56,002038,双鹭药业,28.51,59.62,84.9447,18.9044,0.37799999999999995,31.7037,0.634
57,601318,中国平安,28.47,3.78,58.8861,1760.9268,0.2842,46526.3858,7.5102
58,002030,达安基因,28.42,19.54,38.834,14.0884,0.2287,72.0828,1.1701
59,600004,白云机场,28.05,35.4,58.9871,296.7902,0.4946,838.3845,1.3973
60,600036,招商银行,27.97,13.63,24.6475,1431.12,0.3401,10492.521,2.4941
61,600114,东睦股份,27.6,12.57,28.2245,21.8627,0.3123,173.90900000000002,2.4844
62,600405,动力源,27.38,11.71,47.3014,22.725,0.39899999999999997,194.0029,3.4063
63,600660,福耀玻璃,27.31,16.21,37.9586,152.1535,0.3733,938.2876,2.3022
64,002002,鸿达兴业,27.27,11.55,27.0153,22.9797,0.3724,198.8313,3.2225
65,600533,栖霞建设,26.94,12.81,33.0169,41.5255,0.4152,324.0735,3.2407
66,600971,恒源煤电,26.8,15.09,37.9528,42.7053,0.5233,282.8903,3.4667
67,600963,岳阳林纸,26.51,11.82,20.7313,57.7704,0.5784,488.6985,4.8935
68,600460,士兰微,26.5,18.99,19.4775,36.1814,0.4822,190.5022,2.5393
69,600606,绿地控股,26.49,11.8,36.8401,75.6159,0.4588,640.5669,3.887
70,600340,华夏幸福,26.44,16.36,41.4931,21.576,0.3595,131.8061,2.1967
71,600540,*ST新赛,26.34,13.46,20.0118,43.9457,0.4394,326.4611,3.2646
72,000035,中国天楹,25.96,3.58,13.3592,51.794,0.4469,1444.8289,12.4675
73,600580,卧龙电气,25.95,15.09,32.1917,30.665,0.4138,203.0845,2.7405
74,002024,苏宁云商,25.94,1.51,8.8686,25.2529,0.3704,1663.8639,24.4111
75,600477,杭萧钢构,25.87,5.39,24.1629,16.7051,0.319,309.5917,5.9119
76,600546,山煤国际,25.82,3.54,14.3136,27.3733,0.391,772.0210000000001,11.0288
77,600584,长电科技,25.72,8.03,22.5659,46.2318,0.3615,575.4821,4.5005
78,600435,北方导航,25.61,12.85,33.7619,24.4461,0.4889,190.1068,3.8021
79,600479,千金药业,25.47,6.15,25.5146,34.4884,0.9075,560.212,14.7424
80,002032,苏泊尔,25.38,5.19,33.4658,24.374000000000002,0.2403,469.4517,4.6297
81,600557,康缘药业,25.33,8.12,76.1148,18.3182,0.3536,225.4332,4.3519
82,600503,华丽家族,25.29,15.82,36.9455,30.4002,0.4342,192.0906,2.7441
83,000088,盐田港,25.16,98.14,56.5814,376.2774,0.6432,383.4051,0.6553
84,600439,瑞贝卡,24.56,7.99,18.3116,25.9397,0.39299999999999996,324.5092,4.9168
85,002020,京新药业,24.51,4.39,18.1165,9.9725,0.19899999999999998,227.0526,4.5319
86,600507,方大特钢,24.5,8.51,17.2489,29.717,0.3962,348.9454,4.6526
87,002009,天奇股份,24.46,12.29,36.4873,11.4922,0.353,93.4704,2.8711
88,600527,江南高纤,24.29,9.94,20.4494,15.4473,0.3089,155.3384,3.1067
89,000613,*ST东海A,24.24,7.86,90.00299999999999,1.7822,0.0048,22.6516,0.0622
90,600966,博汇纸业,24.22,10.85,30.7256,52.083999999999996,0.4734,479.9928,4.3635
91,002036,联创电子,24.14,14.26,29.013,16.093,0.3023,112.8292,2.1196
92,002033,丽江旅游,23.78,35.43,75.6196,20.4933,0.2757,57.8264,0.778
93,600428,中远海特,23.77,16.01,24.7368,85.675,0.3725,535.1176,2.3265
94,002007,华兰生物,23.76,12.42,30.7351,15.4496,0.3433,124.3699,2.7637
95,600572,康恩贝,23.74,10.94,60.8089,42.3289,0.4354,386.7472,3.9788
96,600583,海油工程,23.72,8.59,17.8517,103.7016,0.61,1207.1349,7.1007
97,600401,*ST海润,23.43,11.18,23.953000000000003,15.7936,0.341,141.1775,3.0484
98,600525,长园集团,23.15,19.45,60.5179,27.9579,0.375,143.6873,1.9276
99,600975,新五丰,23.15,8.31,20.1606,26.486,0.4065,318.4851,4.8881
100,600986,科达股份,23.14,12.88,24.0786,49.2006,0.6351,381.7302,4.9282
101,002039,黔源电力,22.98,20.64,32.1969,38.0753,0.4218,184.3946,2.043
102,600458,时代新材,22.94,16.26,45.6963,16.5931,0.3308,102.0295,2.0345
103,002014,永新股份,22.92,8.6,19.3933,21.2703,0.3038,247.0754,3.5296
104,600642,申能股份,22.91,57.63,39.8323,1155.4852,0.7075,2004.8319,1.2276
105,600562,国睿科技,22.83,19.08,46.7355,19.555999999999997,0.3615,102.4878,1.8947
106,000039,中集集团,22.66,8.02,23.2821,543.0067,1.5961,6765.5068,19.8867
107,600970,中材国际,22.49,4.38,20.5923,34.3019,0.3118,781.4841,7.1044
108,002035,华帝股份,22.45,2.97,21.6768,12.6225,0.2352,423.8802,7.9008
109,600980,北矿科技,22.41,13.3,25.1761,21.9233,0.3372,164.7305,2.5343
110,600345,长江通信,22.37,51.21,15.5778,199.5296,1.2092,389.5562,2.3609
111,000037,深南电A,22.37,18.75,24.4985,203.2715,0.3709,1084.0933,1.9783
112,600352,浙江龙盛,22.29,7.27,17.9525,56.2077,0.3306,772.3579,4.5432
113,600526,菲达环保,22.27,7.99,22.6625,21.4145,0.3569,267.7808,4.463
114,002026,山东威达,22.17,12.82,30.0634,16.2161,0.2702,126.4462,2.1074
115,002018,华信国际,22.03,9.44,33.4097,11.6307,0.2584,123.1584,2.7368
116,002029,七匹狼,21.91,14.73,37.9138,15.3729,0.2562,104.319,1.7386
117,600022,山东钢铁,21.86,4.89,15.0114,247.5349,0.3437,5058.6546,7.0259
118,600973,宝胜股份,21.76,8.01,27.3406,32.6488,0.4353,407.4533,5.4327
119,600517,置信电气,21.63,13.39,38.478,17.2276,0.3141,128.6469,2.3462
120,600397,安源煤业,21.61,12.3,28.4875,49.9383,0.3567,405.7512,2.8982
121,600463,空港股份,21.5,15.04,33.3971,28.6428,0.2864,190.3854,1.9038
122,600537,亿晶光电,21.42,14.61,30.3772,34.186,0.299,233.9249,2.0464
123,600711,盛屯矿业,21.39,25.1,50.5506,16.6005,0.275,66.1324,1.0956
124,600575,皖江物流,21.38,31.85,50.7416,25.6769,0.3488,80.594,1.095
125,600576,万家文化,21.38,5.18,15.5239,42.1211,0.3141,811.8677,6.0545
126,600962,国投中鲁,21.33,9.15,34.6153,24.4444,0.2444,267.0841,2.6708
127,600509,天富能源,21.29,12.44,33.6171,43.8662,0.4021,352.3414,3.2299
128,000895,双汇发展,21.28,5.06,15.4293,170.5018,0.5831,3367.9661,11.5195
129,600992,贵绳股份,21.18,8.79,22.5887,40.0487,0.4243,455.4603,4.8263
130,000503,海虹控股,21.14,27.27,51.4172,92.6561,0.2706,339.6514,0.9922
131,600598,北大荒,21.12,25.9,60.5694,364.283,0.3113,1406.3226,1.202
132,600987,航民股份,21.12,9.42,23.8582,57.0231,0.2851,604.7228,3.0236
133,000806,银河生物,20.8,23.05,44.1073,92.4835,0.4371,401.0914,1.8956
134,600560,金自天正,20.78,13.99,25.6524,21.1333,0.4548,150.9929,3.2499
135,600351,亚宝药业,20.75,11.62,51.5457,17.9656,0.2395,154.5524,2.0606
136,600587,新华医疗,20.56,10.35,32.7837,18.6419,0.4625,179.942,4.465
137,600545,新疆城建,20.54,19.76,25.7029,35.7731,0.3558,181.0095,1.8003
138,600423,*ST柳化,20.52,7.29,15.6198,30.0225,0.3459,411.7109,4.7439
139,000607,华媒控股,20.5,4.63,25.9729,61.1486,0.3201,1319.6511,6.91
140,600825,新华传媒,20.49,1.54,14.0615,50.07,0.3245,3247.8824,21.0525
141,002006,精功科技,20.48,12.45,32.2229,12.1962,0.2439,97.9156,1.9583
142,600348,阳泉煤业,20.22,11.72,44.1811,113.6875,0.3434,969.3868,2.9286
143,600561,江西长运,20.14,18.09,27.712,21.9789,0.3496,121.4464,1.9319
144,600522,中天科技,20.0,7.0,29.0686,37.7231,0.2727,538.8268,3.8957
145,600370,三房巷,19.91,6.11,12.1904,38.1526,0.3694,623.9183,6.0422
146,600455,博通股份,19.84,19.09,70.0303,10.4701,0.2587,54.8211,1.355
147,000807,云铝股份,19.83,9.36,17.9688,150.1118,0.4842,1603.7423,5.1733
148,600444,国机通用,19.82,12.55,45.211999999999996,10.0682,0.2517,80.1639,2.004
149,600467,好当家,19.81,17.29,36.7427,38.9297,0.3244,225.1229,1.876
150,600513,联环药业,19.63,19.7,58.4413,13.6447,0.3411,69.2446,1.7311
151,600098,广州发展,19.63,24.12,42.1136,942.8311,0.7525,3907.5562,3.1189999999999998
152,600641,万业企业,19.51,29.63,45.8743,225.6491,0.6134,761.5461,2.0701
153,600421,仰帆控股,19.46,22.23,55.6234,25.1343,0.2762,113.0545,1.2423
154,002027,分众传媒,19.41,2.35,7.8786,19.9871,0.2408,850.3952,10.2486
155,600426,华鲁恒升,19.41,8.94,17.9208,33.5748,0.3137,375.2306,3.5068
156,600459,贵研铂业,19.17,9.88,15.6158,15.6058,0.3396,157.8585,3.4354
157,600273,嘉化能源,19.17,11.96,21.4961,25.8987,0.2071,216.4677,1.7317
158,600756,浪潮软件,19.12,15.75,26.6922,52.3194,0.3166,332.1598,2.0103
159,600143,金发科技,19.11,4.62,10.8052,28.8938,0.2143,624.9198,4.8069999999999995
160,600775,南京熊猫,19.1,20.82,8.0162,179.4194,0.2739,861.5603,1.3153
161,002001,新和成,19.09,7.84,21.186,42.2761,0.5031,539.1009,6.4163
162,600409,三友化工,19.05,8.21,25.4212,72.1476,0.2885,878.0272,3.5121
163,000778,新兴铸管,19.01,14.2,31.2466,382.8281,0.8007,2694.3684,5.6359
164,600538,国发股份,19.0,26.14,63.3435,24.5942,0.3737,94.0566,1.4294
165,600595,中孚实业,18.97,7.99,19.5747,41.9008,0.4913,523.8111,6.142
166,600030,中信证券,18.97,33.2,37.4694,631.2696,0.3032,1900.9438,0.9132
167,600145,*ST新亿,18.97,25.36,48.1098,78.6011,0.3175,309.8756,1.252
168,600184,光电股份,18.83,16.82,40.1335,14.4253,0.3606,85.7527,2.1438
169,002003,伟星股份,18.76,8.73,31.9333,13.9866,0.26,160.1627,2.9779
170,600249,两面针,18.74,12.28,30.2067,64.0673,0.7118,521.461,5.794
171,600433,冠豪高新,18.69,8.23,22.916999999999998,25.0053,0.25,303.7019,3.037
172,002015,霞客环保,18.64,4.46,13.9316,9.4845,0.3128,212.4338,7.0063
173,600993,马应龙,18.6,13.44,66.5805,27.5432,0.8303,204.9056,6.1774
174,600177,雅戈尔,18.55,19.82,42.0393,347.1719,0.6111,1751.4685,3.083
175,600420,现代制药,18.45,9.77,54.0192,14.5751,0.2689,149.1019,2.7513
176,600486,扬农化工,18.4,8.95,27.4164,23.6762,0.3382,264.4163,3.7773
177,600490,鹏欣资源,18.37,16.15,41.756,15.2851,0.3322,94.632,2.0572
178,000100,TCL集团,18.34,2.28,22.4377,291.97,0.1834,12768.66,8.0208
179,000069,华侨城A,18.3,91.77,25.8847,180.0482,0.4026,196.1785,0.4387
180,600317,营口港,18.29,22.52,52.976000000000006,45.9363,0.3062,203.9071,1.3593
181,600039,四川路桥,18.21,3.67,11.3127,69.8309,0.4655,1901.9969,12.6799
182,600202,哈空调,18.19,23.43,35.8603,64.0801,0.2868,273.45799999999997,1.2241
183,600516,方大炭素,18.19,12.09,19.4421,49.9519,0.4162,412.9033,3.4408
184,600006,东风汽车,18.16,12.12,21.2961,537.3702,0.5373,4430.8273,4.4308
185,600636,*ST爱富,18.01,8.66,23.8503,48.88,0.4211,564.1209,4.8604
186,600529,山东药玻,18.0,11.08,36.8918,38.7973,0.7696,350.1089,6.9455
187,600449,宁夏建材,17.99,15.07,43.0602,24.9733,0.3329,165.6278,2.2083
188,000538,云南白药,17.99,8.34,34.8642,75.137,0.4043,900.2993,4.845
189,002013,中航机电,17.97,25.11,47.494,10.0502,0.335,40.0208,1.334
190,600408,安泰集团,17.95,6.09,37.7246,40.736999999999995,0.2546,668.7976,4.1799
191,600493,凤竹纺织,17.85,11.91,17.9031,22.8643,0.2078,191.8952,1.7445
192,600284,浦东建设,17.81,16.42,28.635,36.9214,0.2528,224.8025,1.5397
193,600020,中原高速,17.76,51.91,70.9597,255.952,0.3324,492.9759,0.6402
194,600563,法拉电子,17.73,18.01,43.0753,40.2312,0.4023,223.3426,2.2334
195,600287,江苏舜天,17.71,4.14,11.1208,122.745,0.7306,2960.8990000000003,17.6245
196,600491,龙元建设,17.71,2.47,9.7423,48.5832,0.6072,1963.7492,24.5468
197,002037,久联发展,17.68,7.49,38.9151,11.3562,0.1622,151.6079,2.1658
198,000539,粤电力A,17.47,19.44,47.335,1057.7688,0.3977,5440.9422,2.0459
199,600990,四创电子,17.42,19.55,40.0251,12.1903,0.3141,62.3378,1.6066
200,600532,宏达矿业,17.31,6.25,20.8536,15.6352,0.3127,249.7908,4.9958
201,000858,五粮液,17.28,17.11,44.2456,811.4078,0.9336,4742.0953,5.4567
202,600997,开滦股份,17.21,11.53,36.7032,93.1406,0.2755,807.5806,2.3892
203,600416,湘电股份,17.12,7.51,32.3749,39.2863,0.3273,522.7178,4.3559
204,600512,腾达建设,17.1,4.97,14.5096,24.7149,0.2478,497.099,4.9841
205,000517,荣安地产,17.08,10.02,21.2428,49.6136,0.5518,494.8105,5.5041
206,600601,方正科技,17.08,2.71,9.9628,100.305,0.2687,3692.8701,9.8938
207,600027,华电国际,17.07,19.44,45.0735,1388.8129999999999,0.2642,7142.340999999999,1.3588
208,600874,创业环保,17.06,44.9,77.9107,267.634,0.2012,595.986,0.4481
209,600573,惠泉啤酒,17.03,6.7,39.4272,63.3029,0.3385,943.9159,5.0476
210,000962,东方钽业,16.97,14.55,24.0538,178.3976,0.5005,1225.3839,3.4382
211,600502,安徽水利,16.95,4.11,14.9215,15.4039,0.2484,374.4006,6.0387
212,600717,天津港,16.93,26.96,54.7424,269.841,0.4089,1000.6747,1.5165
213,601555,东吴证券,16.93,15.19,23.9639,25.4961,0.0254,167.7474,0.1677
214,600543,莫高股份,16.77,12.6,32.2416,23.37,0.2836,185.3311,2.2491
215,600965,福成股份,16.75,11.94,21.3761,34.9291,0.2007,292.3111,1.6799
216,600126,杭钢股份,16.75,7.93,13.8635,342.4813,0.5307,4315.2194,6.6867
217,600531,豫光金铅,16.56,4.02,12.2242,30.1289,0.3682,748.0552,9.1431
218,600475,华光股份,16.54,8.65,30.5599,25.9289,0.2592,299.5795,2.9957
219,000014,沙河股份,16.54,6.82,23.1352,31.76,0.3542,465.6373,5.1941
220,600480,凌云股份,16.52,7.71,37.7367,29.8564,0.1735,387.1167,2.2506
221,000662,天夏智慧,16.44,80.77,54.8471,24.5419,0.22899999999999998,30.3846,0.2836
222,600251,冠农股份,16.35,33.43,57.3941,20.5585,0.2569,61.4939,0.7686
223,600995,文山电力,16.25,11.45,32.3876,20.553,0.3985,179.3727,3.4782
224,600590,泰豪科技,16.17,6.71,16.6475,22.1774,0.2383,330.4114,3.5506
225,600651,飞乐音响,16.15,17.13,24.3853,102.7222,0.2421,599.6455,1.4137
226,000416,民生控股,16.08,14.49,47.7228,35.8528,0.3153,247.4188,2.1764
227,600085,同仁堂,16.02,12.37,40.5675,199.5065,0.6012,1611.6705,4.8573
228,600984,建设机械,16.01,7.81,28.0216,24.615,0.2423,314.844,3.1002
229,600981,汇鸿集团,15.98,2.15,8.193,38.0402,0.2901,1768.3405,13.4895
230,600552,凯盛科技,15.88,7.79,24.1243,13.8679,0.2773,177.9607,3.5592
231,000651,格力电器,15.81,4.14,21.8986,272.8113,0.508,6587.9768,12.2694
232,000937,冀中能源,15.59,21.73,39.9403,253.1373,0.5956,1164.5137,2.74
233,600610,中毅达,15.58,1.47,15.0374,6.612,0.0185,449.4193,1.2585
234,000089,深圳机场,15.5,55.68,49.5344,335.7582,0.6716,602.9795,1.2062
235,600967,北方创业,15.45,7.14,12.7023,20.6458,0.258,288.8609,3.6107
236,600353,旭光股份,15.43,10.75,45.0888,21.5797,0.2612,200.7058,2.4298
237,600309,万华化学,15.4,17.63,36.4404,100.7284,0.4197,571.2885,2.3803
238,600461,洪城水业,15.4,22.5,47.0608,24.539,0.2726,109.0263,1.2114
239,000920,南方汇通,15.33,18.79,31.1901,92.5359,0.48700000000000004,492.236,2.5907
240,000027,深圳能源,15.32,11.89,33.7325,398.1368,0.3973,3347.8078,3.3408
241,600985,雷鸣科化,15.28,15.19,36.8361,13.5003,0.27,88.8386,1.7767
242,600982,宁波热电,15.07,19.82,29.7874,21.7869,0.1846,109.9011,0.9313
243,600000,浦发银行,15.02,14.77,24.9865,1061.878,0.4406,7185.254,2.9814
244,600511,国药股份,14.97,1.62,9.4717,19.8562,0.2482,1220.8948,15.2611
245,600343,航天动力,14.97,24.35,43.6323,22.1872,0.1848,91.1079,0.7592
246,600270,外运发展,14.9,15.68,65.4098,230.8786,0.7572,1471.9248,4.8279
247,600325,华发股份,14.86,24.86,41.3294,49.6051,0.3543,199.4891,1.4249
248,000626,远大控股,14.85,0.77,3.8822,26.3805,0.1954,3396.2176,25.1571
249,600120,浙江东方,14.83,3.32,9.5518,103.1726,0.4572,3103.3696,13.7525
250,600879,航天电子,14.82,23.55,42.0709,110.3841,0.47100000000000003,468.5586,1.9995
251,600432,*ST吉恩,14.78,7.72,19.4819,23.2924,0.1791,301.6704,2.3205
252,000848,承德露露,14.76,9.79,30.8162,97.82700000000001,0.3773,998.3111,3.8507
253,600592,龙溪股份,14.76,17.69,43.8238,29.7966,0.2979,168.3848,1.6838
254,000063,中兴通讯,14.76,6.11,38.4622,570.2689,1.0255,9332.0208,16.7817
255,600559,老白干酒,14.74,9.58,42.0963,21.8254,0.2182,227.6729,2.2767
256,601169,北京银行,14.74,21.04,-2.2682,598.3431,0.11900000000000001,2842.8688,0.5654
257,600226,升华拜克,14.67,18.59,26.272,69.6772,0.2748,374.7368,1.4782
258,600845,宝信软件,14.66,9.72,27.1837,38.5391,0.1469,396.4458,1.5117
259,600833,第一医药,14.64,9.2,21.6132,24.2341,0.152,263.2331,1.6519
260,600960,渤海活塞,14.63,6.3,22.1075,23.0317,0.3359,365.0743,5.3257
261,601857,中国石油,14.57,16.6,43.625,39660.73,0.2215,238893.57,1.3344
262,600547,山东黄金,14.48,10.47,44.431999999999995,26.1563,0.2615,249.7783,2.4977
263,600456,宝钛股份,14.47,11.6,25.0116,37.7601,0.2695,325.4645,2.3234
264,600135,乐凯胶片,14.41,21.91,44.2932,139.8663,0.4089,638.1483,1.8659
265,600706,曲江文旅,14.36,3.33,13.4297,19.9087,0.2279,596.6609,6.8319
266,600887,伊利股份,14.35,4.42,29.0416,119.6767,0.8159,2701.9829999999997,18.422
267,600686,金龙汽车,14.31,3.73,17.4547,44.3875,0.2929,1187.5907,7.8379
268,000423,东阿阿胶,14.3,24.26,62.858999999999995,109.6683,0.4024,452.0211,1.6589
269,600779,水井坊,14.22,15.09,39.2005,172.7848,0.389,1144.355,2.5766
270,000959,首钢股份,14.21,5.9,10.0245,709.3392,0.307,12016.5859,5.2019
271,000892,欢瑞世纪,14.2,26.45,55.1509,86.2394,0.2083,326.0414,0.7877
272,600739,辽宁成大,14.2,7.66,12.6927,113.9036,0.46,1486.6976,6.0051
273,600367,红星发展,14.19,22.45,50.5133,80.2385,0.8023,357.3866,3.5738
274,600578,京能电力,14.12,10.66,24.2977,118.0274,0.2493,1106.6792,2.3379
275,000700,模塑科技,14.05,22.59,38.0888,59.7765,0.48,264.5754,2.1247
276,600818,中路股份,14.02,2.38,12.2627,8.8373,0.0332,370.0761,1.393
277,600482,中国动力,13.98,6.5,29.4049,34.7301,0.2516,533.8909,3.8687
278,600371,万向德农,13.92,10.98,23.3113,15.6248,0.2604,142.1894,2.3698
279,600497,驰宏锌锗,13.89,3.8,17.6604,22.7533,0.2528,598.4356,6.6492
280,600090,同济堂,13.89,11.1,25.6009,75.9613,0.2064,684.2484,1.8597
281,600614,鹏起科技,13.8,12.44,27.8341,28.1431,0.2444,226.1154,1.9639
282,600579,天华院,13.75,7.23,22.6443,29.5905,0.2465,409.0105,3.4084
283,600425,*ST青松,13.75,13.92,44.08,26.587,0.2128,190.9572,1.5285
284,000525,红太阳,13.73,22.12,40.8904,66.3761,0.2368,299.9687,1.0704
285,600729,重庆百货,13.72,2.46,12.6376,58.2442,0.2855,2358.2929999999997,11.5602
286,000811,烟台冰轮,13.72,8.37,23.7288,37.7263,0.305,450.3641,3.6415
287,000032,深桑达A,13.69,2.15,9.5067,36.376,0.278,1691.8147,12.9331
288,000510,金路集团,13.68,14.83,23.694000000000003,94.0539,0.2007,633.9630000000001,1.3528
289,600742,一汽富维,13.61,6.66,14.2486,142.5649,0.6739,2137.7385,10.1063
290,000852,石化机械,13.59,18.4,43.2447,82.2222,0.2936,446.8352,1.5958
291,002736,国信证券,13.58,28.6,28.353,449.5911,0.2247,1571.6066,0.7858
292,000958,东方能源,13.57,17.34,28.6612,79.9686,0.4442,461.061,2.5614
293,000939,凯迪生态,13.55,15.55,34.478,65.7799,0.3041,422.9941,1.9555
294,600495,晋西车轴,13.45,10.01,19.8771,15.0456,0.2391,150.2828,2.3888
295,600210,紫江企业,13.45,17.37,30.7905,197.856,0.3621,1138.5978,2.0838
296,600011,华能国际,13.4,22.98,34.6643,3636.0642,0.606,15816.6563,2.6361
297,600724,宁波富达,13.39,10.38,28.6137,71.0809,0.195,684.3205,1.8780000000000001
298,000932,*ST华菱,13.3,5.57,12.0373,473.5675,0.3025,8499.5519,5.4297
299,600634,富控互动,13.25,15.3,31.3846,27.9359,0.3203,182.5815,2.0936
300,600888,新疆众和,13.22,7.44,21.3507,31.1969,0.3017,418.9542,4.0522
301,600880,博瑞传播,13.19,10.65,31.7889,29.5987,0.2273,277.9026,2.1347
302,600452,涪陵电力,13.18,7.35,12.5845,22.9593,0.2125,312.1053,2.8898
303,000839,中信国安,13.15,47.06,47.5218,212.8411,0.3607,452.2394,0.7665
304,600978,宜华生活,13.1,13.54,28.1987,27.26,0.1478,201.2836,1.0919
305,600081,东风科技,13.05,8.4,17.0139,50.4482,0.2509,600.0319999999999,2.9852
306,600096,云天化,12.97,17.45,28.0236,154.5479,0.4197,885.5501,2.4051
307,600519,贵州茅台,12.97,20.28,82.2293,328.2907,1.3131,1618.0467,6.4721
308,000709,河钢股份,12.96,9.06,18.6022,732.8124,0.5412,8083.2443,5.9706
309,000903,云内动力,12.92,11.43,23.9064,80.5264,0.4473,704.4004,3.9133
310,600795,国电电力,12.91,18.82,31.7816,552.3446,0.6696,2934.0087,3.5568
311,000926,福星股份,12.9,19.63,31.4927,83.5767,0.3133,425.5904,1.5957
312,000933,神火股份,12.89,15.48,32.8327,98.9869,0.4328,639.2073,2.7952
313,600231,凌钢股份,12.88,8.8,13.5044,163.6303,0.5278,1858.6813,5.9957
314,600282,南钢股份,12.88,5.15,9.5528,206.1859,0.409,4001.0261,7.9385
315,600619,海立股份,12.84,5.0,27.346999999999998,128.0651,0.3365,2558.6838,6.7241
316,600307,酒钢宏兴,12.83,7.82,11.1307,267.2633,0.3671,3415.6063,4.6917
317,600074,保千里,12.79,14.66,32.4321,75.8069,0.5242,516.8958,3.5746
318,000850,华茂股份,12.78,15.7,20.250999999999998,95.4094,0.4356,607.4271,2.7736
319,000411,英特集团,12.77,39.36,-21.1915,9.4585,0.08199999999999999,24.0253,0.2084
320,002181,粤传媒,12.74,36.45,57.4449,64.0209,,175.5941,
321,600476,湘邮科技,12.71,14.74,33.7192,13.7727,0.2017,93.429,1.3689
322,000403,ST生化,12.71,18.68,39.1648,78.9099,0.4012,422.2504,2.1468
323,600496,精工钢构,12.7,7.1,19.6398,12.6563,0.1808,178.2071,2.5458
324,000036,华联控股,12.69,3.95,32.6493,125.0341,0.3477,3164.1189,8.8
325,600469,风神股份,12.67,3.47,26.011,36.8329,0.2046,1061.1785,5.8954
326,000869,张裕A,12.65,19.37,57.8487,171.6565,0.6602,885.9805,3.4076
327,600368,五洲交通,12.64,95.66,72.0172,131.2383,0.2969,137.1845,0.3103
328,600330,天通股份,12.56,25.72,40.9232,69.2207,0.3016,269.0437,1.1724
329,600063,皖维高新,12.54,15.2,28.5405,77.154,0.305,507.4447,2.0065
330,600690,青岛海尔,12.52,5.39,16.894000000000002,617.8386,0.7745,11441.8232,14.3444
331,600232,金鹰股份,12.5,8.73,14.4337,55.013999999999996,0.2513,629.8169,2.8778
332,000936,华西股份,12.43,9.98,14.7662,66.203,0.39399999999999996,663.1813,3.9475
333,600827,百联股份,12.4,1.21,13.8447,70.0528,0.2867,5773.0952,23.6318
334,600725,ST云维,12.39,17.84,40.3381,45.6701,0.4151,255.87900000000002,2.3261
335,600515,海航基础,12.37,9.6,34.731,23.7105,0.2276,246.882,2.3702
336,600062,华润双鹤,12.29,6.61,37.0272,157.7104,0.4648,2382.6568,7.0224
337,000835,长城动漫,12.28,5.41,51.4358,19.0388,0.3525,351.5065,6.5093
338,600771,广誉远,12.24,9.14,82.8705,40.7667,0.2181,445.6725,2.3847
339,600730,中国高科,12.23,3.0,8.8871,45.2895,0.2593,1505.7591,8.624
340,600008,首创股份,12.23,271.17,61.7406,482.0158,0.4381,177.748,0.1615
341,000792,盐湖股份,12.19,27.61,46.9568,81.0186,0.3668,293.3662,1.3283
342,000034,神州数码,12.13,3.49,15.1634,43.6144,0.1401,1247.6749,4.01
343,000978,桂林旅游,12.1,21.9,44.9833,43.75,0.2471,199.7162,1.1283
344,600387,海越股份,12.1,10.65,22.9112,27.1901,0.19699999999999998,255.0868,1.8484
345,600626,申达股份,12.05,4.6,10.2001,143.787,0.4251,3125.2338,9.2404
346,000608,阳光股份,12.04,13.16,27.0997,58.478,0.2803,444.108,2.1289
347,600741,华域汽车,12.03,7.31,30.5985,172.0066,0.3316,2351.4656,4.5337
348,000157,中联重科,12.02,27.09,45.1649,105.2334,0.3507,388.3291,1.2944
349,000002,万科A,11.96,8.38,22.9093,373.7472,0.5923,4455.0648,7.0606
350,600016,民生银行,11.91,12.59,21.8074,646.37,0.2873,5130.9929999999995,2.2811
351,600161,天坛生物,11.87,22.15,57.4057,34.3457,0.1788,155.0014,0.8072
352,600674,川投能源,11.83,10.46,18.1129,68.4146,0.1771,653.8683,1.693
353,600261,阳光照明,11.83,10.99,25.2182,64.1533,0.5208,583.3005,4.7361
354,600834,申通地铁,11.82,23.86,41.5855,65.5185,0.166,274.5076,0.6957
355,000400,许继电气,11.78,13.98,39.4732,170.9006,0.4517,1221.7127,3.2297
356,600415,小商品城,11.75,8.55,39.8452,32.9638,0.3168,385.3765,3.7044
357,600798,宁波海运,11.73,33.09,37.7376,87.8517,0.1716,265.4583,0.5185
358,600489,中金黄金,11.67,5.97,16.2269,34.9161,0.1939,584.4991,3.2472
359,600171,上海贝岭,11.67,19.02,28.0183,149.0437,0.34299999999999997,783.6076,1.8037
360,000617,中油资本,11.64,8.71,27.6711,20.1212,0.1934,230.7985,2.2192
361,600333,长春燃气,11.58,20.57,27.7221,83.6894,0.3499,406.8329,1.7012
362,000004,国农科技,11.57,17.89,56.0154,11.0951,0.1321,61.9845,0.7381
363,600983,惠而浦,11.57,14.36,46.9952,33.2922,0.1342,231.8184,0.9347
364,600066,宇通客车,11.53,6.23,20.7807,98.4251,0.7198,1579.5153,11.5526
365,600366,宁波韵升,11.51,15.46,24.685,64.7929,0.3398,418.8377,2.1968
366,600398,海澜之家,11.5,16.31,37.0196,68.7639,0.4182,421.6053,2.5646
367,000591,太阳能,11.5,3.51,13.1663,30.7744,0.3081,876.1828,8.7735
368,600508,上海能源,11.49,11.28,31.0883,165.4545,0.41200000000000003,1465.6628,3.6503
369,600429,三元股份,11.48,5.84,23.273000000000003,58.8246,0.1212,1007.0747,2.0764
370,000682,东方电子,11.47,8.62,15.0183,62.6978,0.0683,726.5352,0.7914
371,600188,兖州煤业,11.46,15.46,56.5245,1000.3874,0.3485,6469.353,2.2541
372,600354,敦煌种业,11.46,7.26,27.4075,23.3201,0.2101,320.791,2.8908
373,600969,郴电国际,11.36,7.18,22.6786,26.138,0.1863,363.7374,2.5931
374,600718,东软集团,11.33,7.68,29.0582,135.1342,0.4801,1758.6478,6.2484
375,600219,南山铝业,11.32,14.02,24.0422,145.0436,0.5643,1034.0299,4.0234
376,600837,海通证券,11.31,12.32,14.7979,26.54,0.4067,215.3866,3.3012
377,600009,上海机场,11.28,49.0,55.913999999999994,566.7612,0.4013,1156.5304,0.8188
378,000151,中成股份,11.27,13.16,22.3512,88.9875,0.3006,675.887,2.2835
379,000831,五矿稀土,11.27,6.92,12.9199,98.6822,0.2718,1425.3924,3.9267
380,000863,三湘印象,11.26,3.88,9.3405,31.8923,0.2351,820.7567,6.0518
381,000637,茂化实华,11.23,4.73,8.4224,59.2981,0.2455,1253.5768,5.191
382,600125,铁龙物流,11.22,17.68,57.4071,61.7558,0.3237,349.2419,1.8306
383,600780,通宝能源,11.15,22.13,39.716,58.8045,0.2726,265.7187,1.2319
384,600393,粤泰股份,11.15,21.65,62.8558,47.0335,0.2351,217.2423,1.0862
385,600105,永鼎股份,11.14,6.02,21.3117,76.4185,0.3061,1268.639,5.0824
386,000531,穗恒运A,11.11,7.48,25.5425,64.4552,0.2418,860.8743,3.23
387,000001,平安银行,11.09,9.29,19.0252,402.3604,0.2067,4328.9437,2.2247
388,600200,江苏吴中,11.08,12.44,26.816,83.1956,0.3001,668.5541,2.4118
389,600258,首旅酒店,11.07,6.39,29.4863,77.3285,0.3341,1209.0637,5.2249
390,600635,大众公用,11.05,30.17,22.9919,128.3297,0.2694,425.339,0.8932
391,600662,强生控股,11.05,12.27,32.8089,103.5336,0.335,843.5724,2.7297
392,600260,凯乐科技,11.03,21.0,31.3181,90.5064,0.5145,430.8409,2.4496
393,000822,山东海化,11.02,12.64,26.3851,182.017,0.4333,1439.0285,3.4262
394,600569,安阳钢铁,10.94,7.91,17.9647,470.7303,0.3498,5947.4814,4.4203
395,000629,*ST钒钛,10.92,6.41,19.4047,481.3182,0.4703,7502.6232,7.3317
396,600276,恒瑞医药,10.92,12.79,59.7344,81.1551,0.3817,634.2689,2.9839
397,600100,同方股份,10.91,5.8,17.9785,290.7581,0.506,5012.5321,8.7233
398,600084,中葡股份,10.86,8.61,21.4272,73.5657,0.3128,853.7195,3.63
399,000717,韶钢松山,10.86,6.56,10.3405,258.6834,0.5784,3939.4597,8.8091
400,002025,航天电器,10.86,15.08,71.711,7.0812,0.1304,46.9494,0.8646
401,600209,罗顿发展,10.83,10.47,24.0042,55.8174,0.2367,532.7522,2.2598
402,600302,标准股份,10.81,13.55,33.7826,70.3732,0.2205,519.1881,1.6274
403,600323,瀚蓝环境,10.78,33.5,49.9835,73.1858,0.3509,218.424,1.0475
404,000963,华东医药,10.77,3.04,16.2343,57.4763,0.3025,1886.4184,9.9285
405,600195,中牧股份,10.75,5.84,20.2411,89.1416,0.2285,1524.9552,3.9101
406,600664,哈药股份,10.72,5.28,42.1444,283.7999,0.5346,5368.3136,10.1141
407,600196,复星医药,10.72,18.61,38.3304,135.5176,0.4613,727.8445,2.4776
408,600238,海南椰岛,10.69,10.55,67.7316,44.1911,0.2662,418.6328,2.5218
409,600067,冠城大通,10.67,8.01,18.5391,32.3585,0.3081,403.4933,3.8423
410,600661,新南洋,10.67,8.92,17.8558,31.2904,0.2161,350.6414,2.4227
411,600488,天药股份,10.62,14.79,25.8102,75.3622,0.5057,509.3387,3.4181
412,600320,振华重工,10.6,6.63,11.1339,191.5322,0.4195,2885.46,6.3208
413,600680,*ST上普,10.6,6.2,14.8314,61.4377,0.2014,990.1227,3.247
414,000551,创元科技,10.59,8.39,21.6324,52.8157,0.2184,629.2559,2.6031
415,600796,钱江生化,10.52,13.14,31.546999999999997,26.3163,0.247,200.2445,1.8799
416,000007,全新好,10.48,4.51,33.5562,15.3367,0.1068,339.7151,2.3658
417,600675,中华企业,10.44,8.47,46.049,135.224,0.2326,1595.5084,2.7451
418,000989,九芝堂,10.43,7.37,35.4601,52.3704,0.4071,709.6877,5.5177
419,600197,伊力特,10.39,21.83,45.3511,76.7697,0.3481,351.6401,1.5947
420,000821,京山轻机,10.39,15.01,26.7955,88.7068,0.2872,590.9094,1.9134
421,600714,金瑞矿业,10.34,14.69,31.7847,22.4908,0.2086,153.0675,1.4197
422,000028,国药一致,10.31,2.18,27.7067,36.5172,0.1267,1668.675,5.791
423,600166,福田汽车,10.22,2.5,9.1652,102.8404,0.3666,4112.2401,14.6621
424,600129,太极集团,10.2,5.79,42.8051,101.4331,0.4015,1748.9707,6.9238
425,600687,刚泰控股,10.17,10.1,28.3188,20.66,0.1878,204.5061,1.8591
426,600777,新潮能源,10.15,10.83,22.7054,71.9272,0.35100000000000003,664.0419,3.2412
427,600310,桂东电力,10.14,21.22,39.1226,59.3965,0.3789,279.8085,1.785
428,600470,六国化工,10.14,7.73,18.1636,22.8171,0.2112,294.8388,2.7299
429,600168,武汉控股,10.12,57.34,55.3066,132.7469,0.3009,231.4745,0.5247
430,600380,健康元,10.12,29.55,72.3621,200.6181,0.74,678.818,2.5041
431,000677,恒天海龙,10.11,5.88,14.0439,32.1387,0.19399999999999998,546.3625,3.2981
432,000919,金陵药业,10.11,21.76,44.047,108.6852,0.3881,499.4175,1.7836
433,600555,海航创新,10.1,10.99,21.2854,208.3538,0.4795,1894.7595,4.3607
434,600021,上海电力,10.08,8.77,21.1284,441.1661,0.3333,5026.8279999999995,3.7981
435,600028,中国石化,10.08,4.6,22.4126,14018.0,0.1616,304347.0,3.5102
436,600236,桂冠电力,10.04,39.26,55.2024,251.1399,0.3718,639.6484,0.9471
437,600278,东方创业,10.03,3.52,12.7909,95.245,0.2976,2698.5632,8.433
438,600855,航天长峰,10.02,15.13,38.8958,19.8989,0.1243,131.4928,0.8214
439,000006,深振业A,10.0,5.88,21.7566,119.1489,0.4698,2024.1895,7.982
440,000690,宝新能源,9.98,11.11,32.8438,32.1032,0.1659,288.8628,1.4928
441,601998,中信银行,9.94,9.16,19.7694,945.5310000000001,0.0303,10319.365,0.3316
442,600089,特变电工,9.94,6.27,21.0555,82.2243,0.3168,1310.4601,5.0501
443,600976,健民集团,9.93,7.59,51.1281,21.6725,0.5197,285.5056,6.8467
444,600782,新钢股份,9.92,9.02,19.340999999999998,26.4409,0.1368,292.8734,1.5157
445,600999,招商证券,9.91,25.94,16.6655,242.2074,0.1009,933.7022,0.3889
446,000511,*ST烯碳,9.9,23.87,43.9014,96.3711,0.3571,403.6354,1.4959
447,600611,大众交通,9.88,12.67,30.2223,210.33,0.3513,1659.1084,2.7711
448,600220,江苏阳光,9.86,15.69,30.9934,126.2336,0.4041,804.1573,2.5742
449,600740,山西焦化,9.86,10.76,36.4515,67.1398,0.3309,623.7822,3.075
450,000676,智度股份,9.82,24.13,50.0135,35.7994,0.1137,148.3386,0.4715
451,000935,四川双马,9.79,11.99,35.2563,51.214,0.1603,426.85699999999997,1.3363
452,000049,德赛电池,9.77,30.83,39.5204,14.5261,0.1061,47.1125,0.3443
453,000767,漳泽电力,9.77,10.9,20.660999999999998,148.1158,0.3404,1358.5529999999999,3.1231
454,600819,耀皮玻璃,9.75,15.54,38.545,162.3818,0.33299999999999996,1044.9167,2.1434
455,600079,人福医药,9.75,11.95,47.2326,28.9112,0.2295,241.9269,1.9205
456,600726,华电能源,9.75,23.7,28.9261,281.6441,0.2511,1188.0465,1.0595
457,600019,宝钢股份,9.74,8.78,20.5875,2561.2117,0.2047,29170.7952,2.3314
458,000526,*ST紫学,9.72,9.33,28.4776,15.302,0.193,163.9534,2.0688
459,600400,红豆股份,9.72,12.36,22.2952,56.4914,0.3146,457.0483,2.5459
460,600633,浙数文化,9.72,8.58,21.9922,17.7585,0.1167,206.7424,1.3596
461,000693,*ST华泽,9.72,20.87,46.7197,37.7526,0.2938,180.8507,1.4078
462,600104,上汽集团,9.68,21.24,25.9765,787.2224,0.3123,3705.2342,1.4703
463,601607,上海医药,9.65,2.79,13.6552,145.2807,0.4594,5202.0343,16.4513
464,600097,开创国际,9.64,10.66,31.3254,12.2252,0.1058,114.6539,0.9931
465,600895,张江高科,9.63,32.92,49.8103,202.4419,0.4329,614.9361,1.3151
466,600292,远达环保,9.62,24.09,30.1776,75.6121,0.452,313.8171,1.8763
467,600628,新世界,9.62,4.18,17.942999999999998,78.7189,0.2962,1881.0949,7.0783
468,600153,建发股份,9.62,2.42,4.532,144.9696,0.4897,5983.4559,20.2143
469,600528,中铁工业,9.61,4.06,13.0418,164.1519,0.4003,4038.9771,9.8511
470,600520,中发科技,9.59,25.67,49.9355,21.2704,0.5627,82.86,2.1919999999999997
471,000819,岳阳兴长,9.58,4.89,9.8147,33.8571,0.205,691.4333,4.1871
472,000559,万向钱潮,9.55,11.04,25.3379,121.1838,0.3308,1096.8410000000001,2.9945
473,600608,*ST沪科,9.54,9.42,26.8995,30.1196,0.1991,319.6293,2.113
474,600720,祁连山,9.5,19.51,33.7709,52.0645,0.15,266.8348,0.769
475,600138,中青旅,9.49,7.87,17.459,103.0242,0.3858,1308.5688,4.901
476,000825,太钢不锈,9.44,4.34,7.983,296.8292,0.2758,6830.2998,6.3468
477,600383,金地集团,9.43,18.14,37.7599,120.277,0.4454,662.9361,2.4553
478,600266,北京城建,9.43,13.43,19.894000000000002,142.9766,0.2382,1064.1174,1.7735
479,600180,瑞茂通,9.42,14.04,21.2625,75.6042,0.3012,538.2444,2.1444
480,600697,欧亚集团,9.39,6.46,8.9372,39.6595,0.3231,613.8896,5.0016
481,000731,四川美丰,9.38,15.7,23.1295,58.9621,0.2651,375.4651,1.6887
482,600033,福建高速,9.38,72.53,75.8239,220.2763,0.3215,303.6826,0.4433
483,600078,澄星股份,9.36,10.13,19.1334,59.4079,0.3299,586.0962,3.2549
484,600055,万东医疗,9.32,9.8,34.0253,32.0946,0.2891,327.4152,2.9496
485,600356,恒丰纸业,9.31,12.39,36.1307,45.6948,0.3263,368.7942,2.6342
486,000720,新能泰山,9.22,6.32,21.2471,115.8423,0.3622,1832.7517,5.7309
487,600110,诺德股份,9.22,44.17,58.4495,50.9834,0.2746,115.4143,0.6217
488,000639,西王食品,9.21,10.09,49.3412,7.5688,0.1038,74.9604,1.0287
489,000652,泰达股份,9.21,31.95,49.0545,119.5222,0.39799999999999996,374.0564,1.2456
490,000726,鲁泰A,9.2,14.52,29.1788,114.1274,0.4214,785.6938,2.9014
491,600822,上海物贸,9.18,0.86,4.2117,27.5114,0.1088,3184.3168,12.6001
492,600823,世茂股份,9.18,84.53,18.8859,43.0512,0.182,50.9276,0.2153
493,600585,海螺水泥,9.17,9.84,36.5067,202.726,0.2061,2058.3488,2.0929
494,600761,安徽合力,9.17,11.62,24.7918,61.4457,0.3002,528.5587,2.5829
495,600189,吉林森工,9.15,17.99,29.6804,110.3277,0.3553,612.9498,1.974
496,600155,宝硕股份,9.14,6.47,17.2029,72.0697,0.1747,1113.4080000000001,2.6991
497,600843,上工申贝,9.12,5.0,21.697,45.84,0.1815,916.2599,3.6292
498,000889,茂业通信,9.1,12.77,33.876999999999995,64.9077,0.2203,507.9042,1.7244
499,000090,天健集团,9.1,6.38,16.6933,93.2484,0.4176,1459.5120000000002,6.5372
500,000541,佛山照明,9.09,21.04,34.2112,173.3487,0.4836,823.7117,2.2979
501,000096,广聚能源,9.08,7.74,9.8233,87.3897,0.2648,1128.1594,3.4186
502,600300,维维股份,9.08,10.72,18.2246,116.09700000000001,0.3518,1082.5386,3.2804
503,600835,上海机电,9.07,6.4,33.5651,246.4446,0.45799999999999996,3844.7695,7.1456
504,000061,农产品,9.06,5.75,26.3061,87.4774,0.4732,1518.9171,8.2166
505,000679,大连友谊,9.06,8.21,39.6556,54.7409,0.2303,666.3171,2.8043
506,600109,国金证券,9.02,0.2,3.6084,1.304,0.0183,641.7188,9.0404
507,000752,西藏发展,9.01,23.47,40.9963,31.5808,0.1796,134.5211,0.765
508,600866,星湖科技,9.0,15.39,35.2185,67.7546,0.20800000000000002,440.0549,1.3511
509,600071,凤凰光学,9.0,11.63,24.1021,36.4764,0.1536,313.5999,1.3205
510,600298,安琪酵母,8.95,20.79,41.5149,49.4136,0.3641,237.5791,1.7507
511,000581,威孚高科,8.94,15.32,25.6734,150.7195,0.3453,983.2162,2.2531
512,600056,中国医药,8.91,1.97,2.5194,49.0339,0.3761,2482.811,19.0472
513,600620,天宸股份,8.91,17.44,29.2628,34.1321,0.1279,195.6894,0.7335
514,600797,浙大网新,8.89,7.57,17.6155,84.4156,0.2471,1114.3046,3.2618
515,600483,福能股份,8.87,6.01,22.0985,24.7846,0.2206,411.7772,3.6660000000000004
516,600237,铜峰电子,8.87,18.73,31.9666,40.2572,0.4025,214.92700000000002,2.1492
517,600734,实达集团,8.86,1.77,17.1103,51.2989,0.1459,2896.8635,8.24
518,600829,人民同泰,8.82,8.48,28.9186,44.2083,0.3344,521.118,3.9428
519,600478,科力远,8.82,6.23,27.6758,8.1434,0.0972,130.57,1.56
520,000877,天山股份,8.77,8.51,34.8434,60.2495,0.3475,707.6197,4.0819
521,600616,金枫酒业,8.77,4.63,21.541999999999998,27.1586,0.2139,586.1938,4.6182
522,000506,中润资源,8.76,7.37,24.1211,26.685,0.1071,361.9734,1.4531
523,000516,国际医学,8.75,4.57,16.3452,31.1533,0.2389,681.1113,5.2241
524,000425,徐工机械,8.75,5.66,19.4403,85.6475,0.1728,1510.8596,3.0489
525,600215,长春经开,8.74,17.71,36.8016,138.6321,0.45299999999999996,782.6797,2.5577
526,600037,歌华有线,8.73,43.31,54.8867,142.3472,0.5272,328.64300000000003,1.2171
527,000540,中天金融,8.68,20.03,30.2219,40.8686,0.125,204.0128,0.6242
528,600389,江山股份,8.67,6.36,20.7122,37.4701,0.2498,588.8167,3.9254
529,600350,山东高速,8.66,49.37,71.0961,391.37,0.1369,792.5745,0.2772
530,600217,中再资环,8.65,13.54,42.7797,59.6885,0.1445,440.5435,1.0666
531,600418,江淮汽车,8.64,4.47,11.3869,88.9624,0.3867,1989.3815,8.6494
532,600668,尖峰集团,8.62,4.16,19.5205,43.9049,0.1461,1054.5301,3.5097
533,600012,皖通高速,8.59,40.57,54.5202,248.1193,0.1761,611.4499,0.434
534,600851,海欣股份,8.59,13.39,21.7613,146.1224,0.2905,1090.9569,2.1691
535,600187,国中水务,8.58,10.74,22.8777,65.1241,0.19899999999999998,605.9105,1.8516
536,000820,神雾节能,8.58,8.77,27.504,45.9022,0.2171,523.2689,2.475
537,000711,京蓝科技,8.54,31.64,52.9587,24.5963,0.2293,77.7369,0.7247
538,600713,南京医药,8.49,2.58,16.1304,36.8978,0.1899,1428.6444,7.3542
539,601211,国泰君安,8.48,8.44,9.5321,355.4773,0.096,4210.5823,1.1379
540,600961,株冶集团,8.47,1.81,11.1799,28.4945,0.0926,1571.3847,5.1108
541,000042,中洲控股,8.46,7.71,29.8308,108.6532,0.4537,1407.5803,5.877999999999999
542,600831,广电网络,8.45,121.15,-14.9371,9.9341,0.0892,8.1994,0.0736
543,600213,亚星客车,8.44,5.22,14.3394,53.2649,0.2803,1019.8422,5.3675
544,600151,航天机电,8.41,9.41,24.4465,99.495,0.2126,1057.3012,2.2599
545,601009,南京银行,8.41,22.15,-25.2367,108.2481,0.0897,488.5241,0.4048
546,600212,江泉实业,8.4,9.07,16.0378,75.7906,0.34600000000000003,835.373,3.8139999999999996
547,600058,五矿发展,8.38,0.79,4.3913,154.796,0.365,19565.1363,46.1345
548,000973,佛塑科技,8.37,5.96,13.3079,99.6148,0.2667,1669.6988,4.471
549,000983,西山煤电,8.36,12.64,36.0616,247.933,0.3068,1960.0591,2.4258
550,600391,成发科技,8.35,17.18,35.3172,35.1245,0.2508,204.4194,1.4601
551,000430,张家界,8.34,35.15,49.6258,17.389,0.0947,49.4621,0.2694
552,600241,时代万恒,8.33,2.33,7.6614,31.8216,0.3002,1363.0369,12.8588
553,000888,峨眉山A,8.32,21.66,50.1654,32.7849,0.2762,151.3126,1.2751
554,600007,中国国贸,8.32,29.89,57.1793,178.518,0.2231,597.067,0.7463
555,000793,华闻传媒,8.31,44.81,52.3661,95.1747,0.3265,212.3608,0.7287
556,600141,兴发集团,8.31,9.39,27.3393,33.5436,0.2096,357.1647,2.2322
557,600703,三安光电,8.31,3.11,10.1507,13.1244,0.1098,421.7294,3.5286
558,000045,深纺织A,8.29,7.32,23.1588,25.2017,0.1542,343.8842,2.1043
559,000948,南天信息,8.27,4.41,20.6747,39.4468,0.2817,893.5755,6.3826
560,000735,罗牛山,8.26,28.1,27.8695,64.2496,0.1318,228.6203,0.4692
561,600289,亿阳信通,8.26,11.84,37.1885,73.4532,0.6936,620.3771,5.8586
562,600361,华联综超,8.26,3.68,15.8436,45.8174,0.3648,1243.6788,9.904
563,000669,金鸿能源,8.25,12.4,29.3657,6.2003,0.1005,49.9836,0.8105
564,600708,光明地产,8.24,15.14,29.0021,30.1898,0.1268,199.3679,0.8379
565,600235,民丰特纸,8.21,14.2,27.5392,44.9243,0.2538,316.2643,1.7868
566,600373,中文传媒,8.2,3.16,13.9972,10.6836,0.1335,337.8348,4.2229
567,000970,中科三环,8.2,8.29,26.4822,30.4547,0.1944,367.1341,2.3444
568,600339,*ST油工,8.2,15.39,29.6264,51.6532,0.217,335.501,1.4096
569,000301,东方市场,8.19,6.35,10.7396,105.3402,0.2257,1656.6481,3.55
570,600719,大连热电,8.19,14.76,28.2849,54.9238,0.2714,371.9802,1.8387
571,000012,南玻A,8.19,14.53,36.3508,151.2972,0.2234,1040.9985,1.5377
572,002500,山西证券,8.19,25.33,31.2281,85.6899,0.0835,338.1678,0.3299
573,600130,波导股份,8.18,2.59,28.1571,68.1346,0.4258,2622.2933,16.3893
574,000876,新希望,8.18,11.18,13.956,84.3031,0.4344,753.7955,3.885
575,600649,城投控股,8.16,51.66,54.6472,387.7574,0.2057,750.5084,0.3982
576,600666,奥瑞德,8.15,6.37,33.3462,19.4504,0.1307,305.0215,2.0499
577,000719,大地传媒,8.14,7.95,22.2888,21.7324,0.1679,273.0497,2.1105
578,600038,中直股份,8.13,17.05,21.7225,54.5182,0.3634,319.7276,2.1315
579,600800,天津磁卡,8.12,13.69,39.9557,84.3583,0.1529,615.8725,1.1164
580,600229,城市传媒,8.12,7.25,23.1992,67.9498,0.2302,936.1222,3.1719
581,000971,高升控股,8.1,12.54,30.0826,33.9667,0.1816,270.7106,1.4476
582,600223,鲁商置业,8.09,13.93,17.4202,139.7271,0.2605,1002.7396,1.8699
583,000780,*ST平能,8.08,6.65,19.6894,79.405,0.2803,1192.5672,4.21
584,000680,山推股份,8.07,3.26,19.1116,48.4475,0.1713,1484.9452,5.2523
585,000605,渤海股份,8.07,23.19,72.6297,8.31,0.1007,35.8277,0.4342
586,600091,ST明科,8.05,9.94,22.0072,62.8185,0.2773,631.4974,2.7877
587,600152,维科精华,8.05,4.33,14.3103,47.6436,0.1623,1098.6891,3.7434
588,000587,金洲慈航,8.02,13.92,28.7604,35.88,0.1932,257.6096,1.3871
589,600406,国电南瑞,8.02,10.66,28.0086,30.372,0.4401,284.8321,4.128
590,000930,中粮生化,8.02,12.89,22.634,109.9776,0.6214,853.1712,4.8207
591,000417,合肥百货,8.01,4.82,14.2071,48.4044,0.4788,1003.5018,9.9268
592,600303,曙光股份,8.0,9.95,29.4702,34.728,0.2143,348.834,2.1532
593,000537,广宇发展,7.99,13.02,39.2589,66.9662,0.1648,513.9509,1.2654
594,600297,广汇汽车,7.98,6.88,19.2591,42.2154,0.36700000000000005,612.7575,5.3283
595,600518,康美药业,7.98,7.65,20.2711,29.1569,0.4118,380.8004,5.3785
596,600280,中央商场,7.97,3.56,17.2381,34.3867,0.2835,965.8565,7.9651
597,600160,巨化股份,7.96,8.29,24.0445,105.2094,0.2834,1267.6802,3.415
598,000729,燕京啤酒,7.96,12.48,40.6948,285.6935,0.428,2287.8815,3.4279
599,000799,酒鬼酒,7.94,19.66,56.6098,101.8747,0.3361,518.0696,1.7095
600,000599,青岛双星,7.94,4.57,19.3771,52.4218,0.3074,1147.0477,6.7269
601,600747,*ST大控,7.93,13.51,29.8176,100.6932,0.3077,745.1084,2.2773
602,600548,深高速,7.92,66.48,74.4466,401.9369,0.1843,604.5186,0.2772
603,600111,北方稀土,7.89,25.54,35.0412,80.5687,0.1995,315.4274,0.7813
604,600101,明星电力,7.89,31.55,54.3943,78.3219,0.4612,248.2418,1.4619
605,000880,潍柴重机,7.89,3.05,8.6173,50.7176,0.1836,1660.7117,6.0148
606,000761,本钢板材,7.88,5.24,8.674,274.8442,0.2419,5242.8142,4.6151
607,600295,鄂尔多斯,7.88,9.5,25.5403,230.6839,0.447,2427.9478,4.7053
608,000988,华工科技,7.88,15.31,42.7667,45.4851,0.3955,297.0179,2.5827
609,600854,春兰股份,7.87,13.1,23.6047,230.9672,0.4446,1762.2273,3.3924
610,600106,重庆路桥,7.86,51.19,72.5689,70.0769,0.226,136.888,0.4415
611,600035,楚天高速,7.85,37.27,69.8775,83.3497,0.1279,223.5937,0.3431
612,600505,西昌电力,7.84,18.81,56.0202,24.0042,0.2182,127.6108,1.16
613,000721,西安饮食,7.84,6.98,55.9925,20.7363,0.1812,297.0027,2.5958
614,600979,广安爱众,7.84,5.63,34.1293,6.6381,0.0662,117.7639,1.1756
615,600785,新华百货,7.84,5.77,15.8928,35.7149,0.3471,618.2337,6.0085
616,000612,焦作万方,7.83,3.6,13.6794,46.6076,0.1728,1291.7081,4.7903
617,600308,华泰股份,7.82,15.98,27.5784,114.241,0.5935,714.5822,3.7126
618,000530,大冷股份,7.81,9.85,15.3194,88.9185,0.254,902.1482,2.5774
619,000548,湖南投资,7.81,26.82,28.9225,81.3149,0.2387,303.0998,0.8898
620,000022,深赤湾A,7.79,18.24,46.3645,86.8292,0.2275,475.8526,1.2472
621,000518,四环生物,7.79,20.82,34.6771,76.3796,0.4273,366.7579,2.0518
622,000901,航天科技,7.79,14.22,39.4683,25.5663,0.2582,179.6674,1.8148
623,000428,华天酒店,7.79,21.9,58.3057,49.4093,0.2858,225.6061,1.3052
624,600070,浙江富润,7.76,8.77,16.4751,17.7891,0.2348,202.6413,2.6757
625,600133,东湖高新,7.73,10.34,27.7579,49.1737,0.1784,475.417,1.725
626,600750,江中药业,7.68,11.33,38.2397,40.2438,0.2754,354.9659,2.4294
627,000882,华联股份,7.59,18.45,14.5006,35.5865,0.1428,192.8046,0.7736
628,600848,上海临港,7.58,1.44,33.154,8.3557,0.0209,578.448,1.4487
629,000837,秦川机床,7.56,8.58,21.1398,30.4301,0.14300000000000002,354.6341,1.6674
630,600764,中电广通,7.55,6.25,12.9647,31.8068,0.1736,508.7273,2.7771
631,600682,南京新百,7.54,4.29,18.4859,62.2405,0.2703,1448.6893,6.2929
632,600462,九有股份,7.52,5.89,15.2629,30.9627,0.2573,525.5833,4.3689
633,000957,中通客车,7.5,10.29,21.0419,33.5097,0.1404,325.5648,1.365
634,600252,中恒集团,7.44,15.31,30.1591,29.0716,0.2294,189.8736,1.4983
635,600165,新日恒力,7.44,13.46,25.1122,50.2372,0.1999,373.1541,1.4854
636,000601,韶能股份,7.43,21.38,41.7914,131.2441,0.3361,613.6709,1.5719
637,600824,益民集团,7.42,6.68,27.1673,48.8999,0.2525,731.8351,3.7791
638,600498,烽火通信,7.41,9.29,32.4275,167.4353,0.4083,1800.5848,4.3916
639,600306,商业城,7.41,3.04,14.5753,30.3526,0.1703,997.2778,5.5983
640,000401,冀东水泥,7.39,11.46,35.9373,114.94,0.1303,1002.4896,1.1368
641,600422,昆药集团,7.38,7.84,41.4977,38.3216,0.3903,488.24,4.9729
642,600010,包钢股份,7.38,4.59,11.2879,256.6588,0.2053,5581.3542,4.465
643,000736,中房地产,7.36,16.76,50.5673,17.6863,0.2679,105.4983,1.5984
644,600076,康欣新材,7.35,13.51,46.7988,48.4682,0.2159,358.5756,1.5978
645,000881,中广核技,7.35,4.57,18.5169,49.6553,0.1607,1084.6954,3.5112
646,600376,首开股份,7.34,17.43,27.3074,47.7098,0.4407,273.6629,2.528
647,000598,兴蓉环境,7.34,20.46,27.9032,57.9031,0.3285,282.899,1.6049
648,600773,西藏城投,7.34,13.71,30.8315,24.8365,0.2121,181.1311,1.5468
649,600163,中闽能源,7.33,7.75,22.7171,82.7154,0.2703,1066.3345,3.4853
650,600501,航天晨光,7.33,7.48,29.2168,33.0091,0.2683,441.2655,3.5875
651,600265,ST景谷,7.32,12.17,39.8395,22.631,0.2155,185.8178,1.7696
652,600233,圆通速递,7.31,10.28,16.7603,30.5989,0.2781,297.4816,2.7043
653,000702,正虹科技,7.31,5.41,20.3802,60.3828,0.2135,1115.0302,3.9427
654,000922,*ST佳电,7.27,16.16,37.2052,39.952,0.2275,247.0943,1.4075
655,000563,陕国投A,7.27,14.94,50.7754,37.2007,0.1184,248.8728,0.7921
656,600857,宁波中百,7.25,3.93,11.6517,23.434,0.1218,595.7231,3.0980000000000003
657,000543,皖能电力,7.24,25.11,20.1827,168.7188,0.2182,671.7878,0.8690000000000001
658,600696,*ST匹凸,7.22,16.43,54.518,25.500999999999998,0.0973,155.1938,0.5924
659,600694,大商股份,7.2,4.46,16.6207,88.4266,0.3311,1980.5228,7.4172
660,000413,东旭光电,7.19,63.13,40.4414,39.391,0.1028,62.3882,0.1628
661,000786,北新建材,7.15,9.79,17.3567,86.8681,0.302,886.5298,3.0827
662,000815,美利云,7.14,10.02,15.4563,41.5427,0.3147,414.4012,3.1394
663,600399,抚顺特钢,7.14,6.85,12.7952,100.4791,0.1932,1466.6077,2.8203
664,600791,京能置业,7.12,2.84,19.7651,8.6813,0.0876,305.4094,3.0849
665,000897,津滨发展,7.11,21.08,37.7066,65.9832,0.1456,312.9557,0.6908
666,600103,青山纸业,7.09,12.02,23.212,110.4699,0.1564,918.5792,1.3005
667,600770,综艺股份,7.09,14.04,28.9645,41.7291,0.1545,297.1251,1.1004
668,000900,现代投资,7.09,35.01,73.061,175.1455,0.4387,500.2249,1.2531
669,000099,中信海直,7.07,19.44,35.6929,61.2817,0.3126,315.1242,1.6077
670,600793,宜宾纸业,7.07,2.75,22.1686,12.6902,0.1205,460.0072,4.3685
671,000911,南宁糖业,7.06,4.94,21.2888,47.3406,0.1965,957.3209,3.9755
672,000659,*ST中富,7.05,10.1,23.5414,86.0206,0.22699999999999998,851.0365,2.2467
673,000859,国风塑业,7.05,8.59,24.1086,52.8011,0.2239,614.3949,2.6055
674,600337,美克家居,7.05,16.21,31.7201,43.9746,0.4775,271.2684,2.946
675,600186,莲花健康,7.04,10.47,23.9293,145.4091,0.2138,1387.5014,2.0404
676,000665,湖北广电,7.03,6.54,18.3249,31.436,0.2229,480.1925,3.4063
677,600588,用友网络,7.02,21.11,93.2136,70.4006,0.7040000000000001,333.4832,3.3348
678,000860,顺鑫农业,6.98,9.48,23.7382,73.3994,0.2413,774.0816,2.545
679,600222,太龙药业,6.98,21.37,53.8804,29.0856,0.2136,136.082,0.9995
680,600567,山鹰纸业,6.98,8.19,18.291,23.0351,0.1435,280.94599999999997,1.7504
681,000890,法尔胜,6.97,6.13,31.1623,64.6599,0.2214,1054.5027,3.6109
682,600288,大恒科技,6.94,3.46,12.677,46.7363,0.3338,1347.3098,9.6236
683,000910,大亚圣象,6.94,10.56,22.4975,56.5286,0.2444,534.8867,2.313
684,000912,泸天化,6.92,6.74,20.2343,103.9306,0.2309,1540.7037,3.4237
685,600026,中远海能,6.9,8.71,27.2319,351.2973,0.11800000000000001,4029.9765,1.3541
686,600050,中国联通,6.88,5.75,46.6109,1670.5199,0.1136,29027.8066,1.9751
687,000810,创维数字,6.83,4.91,13.7502,11.5688,0.1204,235.1684,2.4484
688,600207,安彩高科,6.83,10.57,29.1583,146.9695,0.33399999999999996,1389.6005,3.1581
689,600170,上海建工,6.82,2.31,8.3515,185.202,0.3089,8003.7478,13.3525
690,000833,贵糖股份,6.81,5.19,16.3342,41.6077,0.1646,800.5799,3.1682
691,600315,上海家化,6.81,5.58,38.2771,72.9758,0.2702,1305.8531,4.8364
692,600269,赣粤高速,6.8,46.28,67.4611,179.2234,0.5077,387.2014,1.0968
693,600506,香梨股份,6.8,30.01,48.2826,29.715999999999998,0.1851,99.0117,0.6168
694,600311,荣华实业,6.78,13.5,19.94,64.7771,0.3238,479.606,2.398
695,000990,诚志股份,6.77,10.26,31.0661,45.0502,0.2513,438.7107,2.4474
696,000722,湖南发展,6.77,10.84,36.5961,53.1526,0.2728,489.9266,2.515
697,600191,华资实业,6.77,11.69,24.2918,71.1539,0.2347,608.2001,2.0067
698,000997,新大陆,6.75,8.71,21.8423,40.3442,0.3477,462.7522,3.9892
699,600860,*ST京城,6.75,9.19,30.3145,64.2817,0.1607,699.0764,1.7476
700,600704,物产中大,6.74,2.76,9.3065,73.0973,0.2535,2644.1691,9.1725
701,600372,中航电子,6.74,2.61,18.6882,86.9387,0.212,3328.4688,8.1182
702,600208,新湖中宝,6.73,4.76,15.4518,40.6326,0.1943,852.2035,4.0768
703,600382,广东明珠,6.72,9.15,19.1247,32.8258,0.1921,358.3976,2.0974
704,600332,白云山,6.72,2.73,21.936999999999998,146.1338,0.1802,5334.0287,6.5779
705,600653,申华控股,6.71,3.51,6.7283,135.5168,0.1676,3850.3723,4.7623
706,000568,泸州老窖,6.71,8.53,63.7723,85.0966,0.174,996.6755,2.0384
707,000753,漳州发展,6.7,46.28,61.4854,55.1059,0.2444,119.04700000000001,0.5279
708,600868,梅雁吉祥,6.69,25.39,35.7608,168.6155,0.1665,663.9975,0.6559
709,000812,陕西金叶,6.66,13.13,24.32,24.1234,0.1522,183.5949,1.159
710,000623,吉林敖东,6.65,21.17,62.1118,76.1685,0.3259,359.6345,1.5391
711,000158,常山股份,6.64,4.59,11.5566,79.2092,0.198,1725.1609,4.3129
712,600051,宁波联合,6.6,1.49,7.3514,54.3021,0.1795,3642.2856,12.0445
713,600362,江西铜业,6.59,10.06,22.9336,301.4347,0.1238,2995.7931,1.2307
714,000415,渤海金控,6.59,13.71,32.8967,28.9314,0.124,210.9959,0.9048
715,000755,*ST三维,6.58,13.29,31.0971,56.0436,0.2018,421.6837,1.5184
716,600305,恒顺醋业,6.56,14.14,35.2019,24.6223,0.1936,174.095,1.3692
717,000830,鲁西化工,6.55,6.11,13.367,59.5559,0.239,973.8821,3.9094
718,600599,熊猫金控,6.55,9.02,21.6988,17.7901,0.2541,197.17,2.8167
719,600275,*ST昌鱼,6.55,54.01,41.8692,48.4894,0.1982,89.7778,0.36700000000000005
720,000655,金岭矿业,6.54,8.26,23.7326,24.8265,0.1971,300.2879,2.3849
721,600247,ST成城,6.54,27.34,56.0251,22.6827,0.2062,82.9365,0.7539
722,600183,生益科技,6.53,8.79,14.9811,63.3413,0.129,720.0094,1.4669999999999999
723,600108,亚盛集团,6.52,13.91,16.362000000000002,89.4444,0.1431,642.7678,1.0283
724,600746,江苏索普,6.52,9.45,16.266,24.0193,0.0783,253.9539,0.8287
725,600889,南京化纤,6.51,9.06,17.0325,30.2033,0.1869,333.2789,2.063
726,600643,爱建集团,6.5,16.24,18.7251,130.639,0.2835,804.1666,1.7455
727,600149,*ST坊展,6.48,8.98,23.7147,33.594,0.1318,374.0389,1.4685
728,000982,*ST中绒,6.47,5.08,17.1363,22.9724,0.3104,452.1109,6.1096
729,000727,华东科技,6.47,17.78,18.954,53.8388,0.1716,302.7232,0.9648
730,600884,杉杉股份,6.46,11.27,33.5813,82.387,0.3007,730.46,2.6668
731,000836,鑫茂科技,6.46,5.16,12.9302,60.3512,0.4916,1168.6122,9.5199
732,000421,南京公用,6.46,6.62,23.5171,26.613000000000003,0.1349,401.8815,2.0381
733,600589,广东榕泰,6.45,12.82,22.524,35.2275,0.2201,274.6129,1.7163
734,600881,亚泰集团,6.45,10.28,41.1345,111.8921,0.2355,1087.4101,2.2887
735,600850,华东电脑,6.44,2.55,10.1705,14.722999999999999,0.086,575.6469,3.3657
736,600250,南纺股份,6.44,1.42,7.8884,41.3725,0.3118,2898.4071,21.8479
737,000407,胜利股份,6.44,4.19,13.7348,34.6117,0.1444,825.2391,3.4443
738,600157,永泰能源,6.44,3.77,19.0991,18.6514,0.1094,493.6333,2.8961
739,600117,西宁特钢,6.42,7.26,17.0429,90.0427,0.1546,1238.8749,2.1278
740,000913,*ST钱江,6.41,2.78,16.6332,75.6152,0.2667,2718.0982,9.589
741,600654,*ST中安,6.41,17.3,16.1745,78.0502,0.1773,450.9101,1.0247
742,000703,恒逸石化,6.41,6.52,35.3844,17.2437,0.1617,264.3105,2.4794
743,600299,安迪苏,6.41,8.75,16.7267,48.7059,0.2029,556.0269999999999,2.3167
744,000987,越秀金控,6.4,3.91,20.5574,38.3557,0.1602,979.5223,4.0931
745,000969,安泰科技,6.38,15.53,24.8027,67.5737,0.2767,435.0996,1.7819999999999998
746,600059,古越龙山,6.37,16.4,41.8438,71.4326,0.3068,435.5133,1.8707
747,000657,中钨高新,6.37,2.83,13.4645,33.1532,0.1937,1168.0818,6.8276
748,600178,东安动力,6.36,4.91,21.9328,90.9806,0.1968,1851.4345,4.0067
749,600267,海正药业,6.34,8.42,34.4587,48.5426,0.1944,575.8323,2.307
750,000631,顺发恒业,6.33,10.83,29.8783,45.2294,0.1881,417.5174,1.7369
751,000776,广发证券,6.33,20.62,51.3138,25.9279,0.1408,125.7348,0.6829
752,600811,东方集团,6.33,9.4,23.5224,163.194,0.2842,1734.8298,3.0218
753,600326,西藏天路,6.33,6.93,20.3584,23.7405,0.2374,342.5661,3.4256
754,600602,云赛智联,6.32,4.19,9.4002,170.44400000000002,0.2022,4058.7116,4.8149
755,000068,华控赛格,6.32,9.56,30.2473,93.491,0.1189,977.5075,1.2436
756,600386,北巴传媒,6.3,7.43,30.8943,70.762,0.2808,952.1284,3.7782
757,000685,中山公用,6.29,29.86,64.5517,19.21,0.1406,64.3182,0.4707
758,000862,银星能源,6.28,18.47,41.8145,45.8772,0.2101,248.27700000000002,1.1371
759,600255,鑫科材料,6.28,4.29,10.59,30.0138,0.3159,698.2592,7.35
760,600716,凤凰股份,6.28,7.63,21.7392,32.4707,0.1002,425.3433,1.3127
761,600500,中化国际,6.27,1.37,5.6341,90.5208,0.2429,6567.1571,17.6228
762,600054,黄山旅游,6.26,11.48,47.0604,45.8121,0.1512,398.7446,1.3164
763,600657,信达地产,6.24,4.09,32.7321,46.4609,0.2594,1134.7945,6.3368
764,600328,兰太实业,6.24,14.73,55.8719,39.6687,0.2297,269.1371,1.5588
765,600285,羚锐制药,6.24,14.58,71.6024,25.1072,0.2501,172.1764,1.7155
766,600712,南宁百货,6.24,2.95,15.5765,16.5221,0.1827,559.4591,6.1873
767,000816,智慧农业,6.23,5.24,20.0483,80.4701,0.2628,1533.747,5.0089
768,000550,江铃汽车,6.23,2.98,25.8741,100.8478,0.1168,3379.0719,3.9145
769,600121,*ST郑煤,6.22,12.12,34.0248,76.1096,0.0939,627.9568,0.7752
770,000625,长安汽车,6.22,2.18,22.7192,160.2155,0.1306,7331.8058,5.977
771,600268,国电南自,6.2,5.21,23.9586,28.4635,0.2412,545.7917,4.6253
772,600173,卧龙地产,6.18,9.73,27.3496,37.8644,0.1646,388.8197,1.6905
773,600319,亚星化学,6.18,10.22,18.7646,61.0907,0.1935,597.6425,1.8937
774,000584,友利控股,6.18,15.2,46.2215,17.8952,0.0884,117.7261,0.5821
775,600122,宏图高科,6.17,2.9,12.0478,58.1539,0.1821,2004.8148,6.2807
776,600736,苏州高新,6.17,14.79,37.5004,84.8586,0.1854,573.6113,1.2538
777,000715,中兴商业,6.16,3.07,18.0208,36.7358,0.1711,1193.9264,5.5629
778,000031,中粮地产,6.16,18.7,54.9896,58.4494,0.1253,312.4527,0.67
779,600279,重庆港九,6.15,42.32,37.4193,43.5824,0.1908,102.9662,0.4508
780,000426,兴业矿业,6.15,31.3,30.6684,62.1934,0.2803,198.6377,0.8954
781,600820,隧道股份,6.15,2.43,11.3238,96.8902,0.1802,3973.4258,7.3939
782,600530,交大昂立,6.14,12.05,68.2931,54.6409,0.2732,453.3235,2.2666
783,600283,钱江水利,6.14,31.89,60.078,52.5927,0.1843,164.88299999999998,0.5778
784,600727,鲁北化工,6.14,20.63,19.7438,132.4812,0.3492,642.0592,1.6927
785,600193,创兴资源,6.14,14.2,26.5434,16.352,0.0974,115.1396,0.6861
786,001896,豫能控股,6.13,12.72,31.5273,54.7401,0.1273,430.3331,1.0007
787,000564,供销大集,6.12,4.24,22.8624,34.1607,0.1691,804.9662,3.9848
788,000038,深大通,6.11,19.81,8.4324,6.4979,0.0718,32.8009,0.3624
789,600239,云南城投,6.09,29.1,56.2587,20.2026,0.205,69.4119,0.7045
790,000630,铜陵有色,6.09,6.14,13.8755,116.3545,0.2499,1892.6128,4.0652
791,600272,开开实业,6.09,4.41,15.0718,49.2589,0.2027,1114.9282,4.5881
792,600865,百大集团,6.09,3.94,16.5556,39.9874,0.1482,1014.8418,3.7627
793,600896,览海投资,6.08,10.32,14.5229,48.2688,0.1521,467.6246,1.4738
794,600064,南京高科,6.08,13.79,32.9189,70.7725,0.2056,512.9124,1.4903
795,000609,绵石投资,6.08,10.27,19.785999999999998,23.401999999999997,0.1805,227.774,1.7574
796,000967,盈峰环境,6.07,20.73,44.239,27.7272,0.2027,133.7403,0.9777
797,600789,鲁抗医药,6.06,9.13,24.2881,70.4602,0.1931,771.1374,2.1141
798,600119,长江投资,6.05,4.82,19.822,22.7622,0.1379,471.9985,2.8605
799,600644,乐山电力,6.03,11.12,30.2009,28.0257,0.1124,251.8519,1.01
800,000554,泰山石油,6.03,4.04,12.1328,46.2222,0.0961,1142.1685,2.3755
801,000756,新华制药,6.03,7.35,30.2487,80.8961,0.1768,1099.2585,2.4037
802,000883,湖北能源,6.03,3.22,9.3976,48.2801,0.2047,1497.9708,6.3511
803,600385,山东金泰,6.03,6.87,22.221,11.79,0.0834,171.5969,1.2142
804,600677,航天通信,6.02,1.87,13.395999999999999,29.9478,0.0918,1596.9413,4.896
805,000066,中国长城,6.01,3.45,5.5593,71.0792,0.155,2059.1638,4.4911
806,600316,洪都航空,6.0,14.36,14.4224,63.4306,0.302,441.6761,2.1032
807,600388,龙净环保,5.99,10.55,23.9605,37.1343,0.2223,351.7794,2.1064
808,600655,豫园商城,5.98,3.08,14.7927,99.4031,0.2136,3219.8339,6.9194
809,600630,龙头股份,5.95,4.65,19.8856,96.7958,0.2278,2078.7997,4.8928
810,600639,浦东金桥,5.94,24.52,54.9426,97.4306,0.1396,397.29,0.5693
811,600132,重庆啤酒,5.94,7.34,49.4812,34.2872,0.2006,466.7103,2.7313
812,600381,青海春天,5.93,13.61,35.037,19.4685,0.1769,142.9927,1.2999
813,600863,内蒙华电,5.92,15.37,19.062,220.2056,0.2222,1432.0215,1.4455
814,000916,华北高速,5.91,40.8,71.3488,161.3232,0.14800000000000002,395.3823,0.3627
815,600136,当代明诚,5.9,14.15,56.5327,24.8607,0.23800000000000002,175.6675,1.6819
816,600861,北京城乡,5.9,7.42,18.1793,95.1522,0.2345,1281.1354,3.1575
817,600321,国栋建设,5.89,18.15,26.8686,61.9042,0.3533,341.0437,1.9465
818,000596,古井贡酒,5.89,8.3,43.4745,67.0467,0.2853,807.3929,3.4357
819,600637,东方明珠,5.89,7.44,9.5707,203.1052,0.2725,2728.5969,3.6611
820,000532,华金资本,5.89,119.29,26.5579,23.9162,0.1095,20.0474,0.0917
821,601328,交通银行,5.88,6.76,13.8904,1908.6129,0.1115,28232.0551,1.6502
822,600290,华仪电气,5.8,8.35,30.8276,12.5801,0.1515,150.5397,1.8137
823,600377,宁沪高速,5.79,48.02,68.1306,780.8639999999999,0.155,1625.9919,0.3227
824,600395,盘江股份,5.78,13.9,31.2159,68.5943,0.1847,493.2182,1.3283
825,000732,泰禾集团,5.74,6.12,18.0743,27.8617,0.1824,454.705,2.9783
826,000953,*ST河化,5.74,6.65,20.3017,23.5406,0.132,353.8454,1.9854
827,600378,天科股份,5.72,16.52,27.5221,23.5926,0.1568,142.8081,0.9492
828,600812,华北制药,5.72,4.92,26.8772,139.7862,0.1195,2837.3056,2.4263
829,000985,大庆华科,5.72,5.83,14.1348,22.1573,0.1926,379.4726,3.2997
830,600737,中粮糖业,5.72,6.6,33.8535,50.6658,0.132,767.2615,2.0
831,600745,中茵股份,5.71,23.14,48.8157,7.3654,0.0604,31.8262,0.2614
832,000790,泰合健康,5.69,10.02,34.2254,22.3514,0.1746,222.9677,1.7422
833,600776,东方通信,5.67,2.46,14.6961,207.3437,0.3301,8398.6126,13.3735
834,600061,国投安信,5.66,4.03,10.9391,27.1213,0.0944,671.5848,2.3399
835,600080,金花股份,5.65,29.74,66.7399,46.5944,0.2018,156.6546,0.6786
836,000666,经纬纺机,5.64,5.54,19.9019,122.88799999999999,0.2035,2215.2393,3.6688
837,600094,大名城,5.64,4.36,20.1304,81.0806,0.1648,1858.1692,3.7786
838,000898,鞍钢股份,5.6,4.25,11.1648,403.74300000000005,0.1364,9490.523000000001,3.2084
839,600228,*ST昌九,5.6,7.63,16.4854,25.7215,0.0893,337.034,1.1702
840,600558,大西洋,5.58,5.69,23.4577,25.6307,0.2135,450.436,3.7536
841,000966,长源电力,5.53,5.26,15.2403,46.418,0.1254,881.0036,2.3801
842,600156,华升股份,5.53,8.97,14.9267,66.7626,0.1521,744.2565,1.6957
843,000712,锦龙股份,5.51,10.25,25.2798,23.5726,0.1547,229.9748,1.5098
844,000513,丽珠集团,5.48,3.61,46.8856,50.3921,0.1646,1395.7920000000001,4.5608
845,600958,东方证券,5.43,13.27,19.3756,64.8958,0.0648,488.88800000000003,0.4888
846,000062,深圳华强,5.42,22.39,26.5557,64.132,0.2371,286.4201,1.0592
847,600676,交运股份,5.42,14.56,37.6289,50.7987,0.3006,348.8557,2.0647
848,600707,彩虹股份,5.4,3.48,10.8773,84.419,0.2004,2422.5115,5.7521
849,000627,天茂集团,5.4,10.45,26.6451,37.2271,0.0719,356.0121,0.6883
850,000070,特发信息,5.4,6.35,20.4359,41.918,0.1676,659.1577,2.6366
851,000977,浪潮信息,5.37,5.43,22.9352,43.3228,0.2015,797.2553,3.7081
852,600248,延长化建,5.34,8.01,23.656999999999996,27.221999999999998,0.2113,339.538,2.6357
853,000976,春晖股份,5.34,5.0,10.2881,57.7006,0.13699999999999998,1152.9631,2.7376
854,600246,万通地产,5.34,11.2,8.9108,15.9042,0.1728,141.9704,1.5431
855,600203,福日电子,5.34,3.95,9.5665,31.6182,0.1233,798.7639,3.1153
856,600243,青海华鼎,5.32,7.61,24.1688,21.2092,0.1354,278.3743,1.7776
857,000875,吉电股份,5.31,8.81,13.717,73.4116,0.1165,832.5024,1.3214
858,600872,中炬高新,5.3,7.75,26.8475,64.8364,0.14400000000000002,836.3095,1.8582
859,000668,荣丰控股,5.28,1.36,11.5885,17.3686,0.1182,1268.5214,8.6386
860,000925,众合科技,5.28,11.41,19.5129,19.4855,0.2165,170.7096,1.8967
861,000056,皇庭国际,5.28,6.53,28.3922,19.7058,0.0892,301.4498,1.3646
862,600550,保变电气,5.26,7.2,21.0726,44.0614,0.2002,611.9347,2.7815
863,000961,中南建设,5.23,4.6,12.6538,52.533,0.1748,1141.5269,3.7983
864,000422,湖北宜化,5.23,7.05,19.7889,40.5082,0.1893,574.047,2.6839
865,000606,神州易桥,5.23,12.11,47.2524,14.367,0.0947,118.5847,0.7816
866,600318,新力金融,5.22,5.63,26.9737,31.2598,0.1562,555.1573,2.7757
867,600890,中房股份,5.22,11.91,30.7403,38.4496,0.0793,322.703,0.6655
868,600086,东方金钰,5.22,10.45,27.0332,25.988000000000003,0.0737,248.5203,0.7054
869,000798,中水渔业,5.21,13.19,17.4669,40.0228,0.1588,303.2153,1.2032
870,000906,浙商中拓,5.2,2.25,10.1329,19.047,0.1523,845.568,6.7645
871,600227,赤天化,5.2,5.94,6.4072,37.5157,0.2206,630.6445,3.7096
872,000065,北方国际,5.19,2.56,13.4652,17.2371,0.1697,671.3826,6.6129999999999995
873,000737,南风化工,5.18,3.18,19.7492,68.4416,0.1496,2152.0137,4.7059
874,600753,东方银星,5.14,5.38,17.4916,5.3908,0.0421,100.1585,0.7824
875,000998,隆平高科,5.13,15.05,27.8346,40.3323,0.3841,267.9082,2.5515
876,600346,恒力股份,5.12,7.16,32.9075,15.9526,0.1519,222.5298,2.1193
877,000751,锌业股份,5.11,5.6,9.8646,135.8558,0.1541,2423.4331,2.7504
878,600396,金山股份,5.11,19.74,41.0634,20.6803,0.159,104.7464,0.8057
879,000547,航天发展,5.1,8.69,38.1978,21.85,0.1784,251.1724,2.0516
880,000673,当代东方,5.08,9.38,38.5215,14.7353,0.0849,156.996,0.9053
881,600731,湖南海利,5.08,7.33,24.44,22.0405,0.0942,300.3864,1.2841
882,000633,*ST合金,5.07,2.94,15.8534,22.0682,0.0687,750.168,2.3375
883,000785,武汉中商,5.06,1.62,12.7785,27.2463,0.1084,1673.1823,6.6601
884,000952,广济药业,5.05,13.21,43.3257,24.5873,0.1435,186.0999,1.0868
885,600338,西藏珠峰,5.05,5.43,14.9073,30.8723,0.1949,568.1129,3.588
886,600379,宝光股份,5.02,5.19,38.0645,12.487,0.1156,240.3549,2.2255
887,600826,兰生股份,5.01,2.3,9.238,39.6073,0.1412,1718.9127,6.1296
888,600312,平高电气,5.0,8.94,25.61,44.1078,0.2403,493.1876,2.6876
889,000931,中关村,4.99,4.46,26.913,85.163,0.1261,1907.4628,2.8265
890,601688,华泰证券,4.99,8.21,19.163,66.1815,0.0778,805.548,0.9473
891,600052,浙江广厦,4.98,17.34,22.3675,70.9804,0.1467,409.2485,0.8461
892,000823,超声电子,4.97,6.76,24.2817,43.4889,0.121,642.8245,1.7896
893,600029,南方航空,4.97,2.45,24.7339,417.048,0.1235,17002.379,5.0389
894,600864,哈投股份,4.95,9.19,26.5765,19.7142,0.1443,214.3501,1.5692
895,000552,靖远煤电,4.94,6.4,17.2175,11.1169,0.0625,173.6665,0.9763
896,000972,*ST中基,4.93,3.61,20.1149,19.8299,0.1591,549.2726,4.4086
897,600692,亚通股份,4.93,8.54,28.9354,15.958,0.1262,186.7894,1.4777
898,000632,三木集团,4.92,3.03,16.9747,33.0588,0.1883,1090.1527,6.2112
899,000519,中兵红箭,4.91,11.44,31.334,15.3674,0.1125,134.3295,0.9838
900,000796,凯撒旅游,4.88,5.14,11.4917,32.3679,0.2018,629.4515,3.9256
901,600123,兰花科创,4.85,8.78,29.4643,39.6058,0.1066,450.6201,1.2137
902,000838,财信发展,4.84,2.78,11.434000000000001,1.6714,0.0256,59.9425,0.9204
903,000681,视觉中国,4.83,4.84,14.2065,16.1709,0.0813,333.9918,1.6804
904,600419,天润乳业,4.82,8.43,24.6674,13.5698,0.1692,160.806,2.006
905,601939,建设银行,4.8,8.18,9.1851,5167.0,0.0229,63102.0,0.2808
906,000078,海王生物,4.78,10.43,69.2822,79.819,0.3598,765.0515,3.4492
907,000429,粤高速A,4.77,25.41,65.50399999999999,158.93,0.1264,625.4007,0.4974
908,600701,工大高新,4.76,5.98,18.8192,38.2289,0.1179,639.0616,1.9718
909,000615,京汉股份,4.76,3.28,7.7895,26.2201,0.1692,798.5239999999999,5.1548
910,000968,*ST煤气,4.73,8.14,21.9414,53.9277,0.1364,662.4962,1.6763
911,600539,狮头股份,4.71,12.62,35.2933,37.2278,0.1618,294.7669,1.2815
912,600291,西水股份,4.68,11.25,50.0508,25.5783,0.1598,227.2604,1.4203
913,000878,云南铜业,4.68,2.89,7.9619,83.2501,0.1042,2872.4642,3.5964
914,600277,亿利洁能,4.67,14.35,37.0622,32.5613,0.20600000000000002,226.8364,1.4356
915,600828,茂业商业,4.67,1.44,11.1117,20.3992,0.1204,1413.0734,8.347000000000001
916,600794,保税科技,4.66,10.91,39.9564,14.7535,0.1237,135.108,1.133
917,000999,华润三九,4.64,6.48,50.8922,121.0273,0.1607,1867.3147,2.4798
918,000759,中百集团,4.64,1.63,14.5178,24.0935,0.1371,1476.257,8.4036
919,600699,均胜电子,4.64,10.4,23.5083,19.1002,0.1079,183.5282,1.0372
920,000918,嘉凯城,4.63,7.2,30.2415,30.2585,0.1779,420.0756,2.471
921,000153,丰原药业,4.62,15.55,49.336000000000006,24.7672,0.381,159.2106,2.4493
922,600131,岷江水电,4.59,19.13,52.7199,27.3413,0.0921,142.8677,0.4817
923,600221,海南航空,4.59,3.08,32.9476,100.3027,0.1373,3254.7537,4.457
924,600757,长江传媒,4.58,3.09,11.7992,55.5723,0.1177,1793.2171,3.798
925,600466,蓝光发展,4.55,30.97,36.6987,29.1148,0.2285,94.0001,0.7378
926,600360,华微电子,4.54,11.14,33.5871,25.9326,0.2197,232.5918,1.9711
927,600068,葛洲坝,4.53,6.69,18.9824,147.8548,0.2094,2208.4828,3.1289999999999996
928,600211,西藏药业,4.52,24.5,87.2,18.2988,0.1492,74.6593,0.6089
929,600257,大湖股份,4.52,11.71,38.3255,18.9596,0.2597,161.8128,2.2166
930,600787,中储股份,4.52,4.8,22.3578,33.6337,0.1083,699.6303,2.2544
931,600390,五矿资本,4.52,13.77,19.0663,31.0966,0.2914,225.6754,2.115
932,600897,厦门空港,4.5,28.47,46.3464,51.4896,0.1907,180.8474,0.6698
933,600293,三峡新材,4.47,12.37,24.3624,32.2081,0.1526,260.1742,1.2329999999999999
934,000488,晨鸣纸业,4.47,5.9,25.1203,141.9997,0.2847,2405.5337,4.8232
935,600681,百川能源,4.45,7.02,33.1155,16.6527,0.08,237.1817,1.1399
936,600723,首商股份,4.44,3.58,15.0904,56.483000000000004,0.1378,1575.7113,3.8458
937,600329,中新药业,4.44,4.23,38.2032,64.441,0.1743,1521.9389999999999,4.1171
938,600705,中航资本,4.42,14.27,35.464,75.3904,0.1154,528.023,0.8084
939,000887,中鼎股份,4.4,3.93,12.6131,33.7847,0.1122,858.1761,2.8510000000000004
940,000692,惠天热电,4.39,9.39,28.7441,49.6295,0.1862,528.4383,1.9835
941,600778,友好集团,4.39,3.09,19.7063,33.0839,0.1062,1068.8342,3.4313
942,600301,ST南化,4.37,5.1,18.7354,22.936,0.1238,449.6703,2.4287
943,600073,上海梅林,4.35,6.93,34.8813,34.4279,0.1062,496.3495,1.5319
944,600075,新疆天业,4.3,3.62,15.229000000000001,46.8585,0.2066,1292.1462,5.6972
945,000733,振华科技,4.3,12.37,29.3644,77.333,0.2159,624.8981,1.7449
946,000899,赣能股份,4.29,12.22,24.8092,60.5758,0.1105,495.3714,0.9039
947,600803,新奥股份,4.27,5.17,18.9733,13.6582,0.1155,264.0019,2.2331
948,000159,国际实业,4.25,8.03,27.1264,24.9085,0.1449,310.0102,1.8045
949,002142,宁波银行,4.25,4.36,7.5964,18.9978,0.0092,434.8778,0.2121
950,000789,万年青,4.24,8.1,28.5235,30.3427,0.0891,374.2806,1.0992
951,600894,广日股份,4.24,2.68,9.1163,65.6813,0.0957,2446.1107,3.5648
952,600652,游久游戏,4.23,9.09,34.7414,25.6689,0.0856,282.291,0.9421
953,600093,易见股份,4.17,13.42,43.2525,16.1209,0.0842,120.0841,0.6278
954,600242,中昌数据,4.17,30.7,43.0989,20.324,0.1167,66.1915,0.3803
955,600596,新安股份,4.14,3.15,20.0041,20.4828,0.1527,649.1179,4.8401
956,000705,浙江震元,4.14,3.42,22.3845,17.1413,0.1367,500.2791,3.9917
957,600322,天房发展,4.04,10.89,27.3307,66.3019,0.1564,608.679,1.4365
958,600830,香溢融通,4.03,2.66,9.8664,19.2968,0.1101,723.0141,4.128
959,000975,银泰资源,4.01,23.07,43.2042,27.9098,0.0942,120.9277,0.4085
960,600735,新华锦,3.98,6.55,28.2164,12.068,0.0779,184.074,1.189
961,600281,太化股份,3.98,5.74,17.3067,40.9106,0.1139,711.7886,1.9832
962,600116,三峡水利,3.97,6.97,40.1566,20.3659,0.1165,291.829,1.6698
963,000155,*ST川化,3.97,5.79,16.5262,55.0024,0.11699999999999999,949.9473,2.0211
964,000593,大通燃气,3.97,3.81,11.6958,12.1838,0.0704,319.1587,1.8447
965,002673,西部证券,3.94,12.42,14.9862,41.0891,0.040999999999999995,330.6879,0.3306
966,600566,济川药业,3.93,15.53,28.3841,17.7019,0.1665,113.9612,1.0719
967,600721,百花村,3.93,12.03,37.1441,4.7036,0.0496,39.0802,0.4122
968,600172,黄河旋风,3.92,10.42,29.2808,29.5394,0.1102,283.3945,1.0574
969,600744,华银电力,3.91,10.61,23.1673,113.5636,0.17600000000000002,1069.9888,1.6585
970,000046,泛海控股,3.9,10.89,39.516,37.6087,0.154,345.2801,1.4145
971,000981,银亿股份,3.88,4.04,8.514,25.9325,0.161,641.5249,3.9846
972,000555,神州信息,3.88,3.54,32.0604,3.7953,0.0463,107.1504,1.3094
973,600448,华纺股份,3.84,2.8,9.546,28.4054,0.1159,1010.8853,4.126
974,600883,博闻科技,3.84,13.73,35.0312,9.7739,0.0887,71.1841,0.6465
975,000166,申万宏源,3.84,5.85,5.5534,149.2464,0.113,2550.5088,1.9322
976,000622,恒立实业,3.82,4.53,34.0648,7.8418,0.0553,173.0684,1.2209999999999999
977,600336,澳柯玛,3.8,4.24,21.9316,45.1535,0.1324,1063.1277,3.1173
978,000979,中弘股份,3.79,7.58,24.928,17.7819,0.1891,234.3557,2.4931
979,600755,厦门国贸,3.78,1.28,6.5222,25.89,0.1306,2018.6197,10.1888
980,000965,天保基建,3.77,5.97,16.5857,22.5799,0.10400000000000001,377.8819,1.7413
981,000861,海印股份,3.77,4.93,23.6213,8.2682,0.1114,167.697,2.2609
982,600846,同济科技,3.77,2.47,19.3802,16.1193,0.0579,652.036,2.3446
983,000905,厦门港务,3.75,14.89,55.0968,37.8877,0.1284,254.4284,0.8624
984,600815,*ST厦工,3.73,2.77,17.3214,29.5055,0.0984,1062.3943,3.5459
985,600088,中视传媒,3.71,7.44,33.1288,26.8221,0.1133,360.0481,1.5209
986,600118,中国卫星,3.71,3.67,9.6213,10.3125,0.0544,280.7383,1.4814
987,600809,山西汾酒,3.67,6.62,59.6776,28.7073,0.0663,433.4723,1.0012
988,600199,金种子酒,3.65,6.89,28.5593,35.1629,0.1015,509.8275,1.4717
989,600218,全柴动力,3.64,6.97,17.8721,31.2191,0.1101,447.4217,1.5787
990,601988,中国银行,3.62,12.04,15.4649,7908.0,0.0324,65639.0,0.2695
991,000797,中国武夷,3.61,4.9,26.2255,44.3556,0.1138,904.7501,2.3231
992,000777,中核科技,3.59,4.06,24.6561,10.3644,0.0616,254.9804,1.5177
993,000923,河北宣工,3.59,3.94,16.9086,14.5998,0.0884,370.098,2.2430000000000003
994,000520,长航凤凰,3.56,4.98,7.7984,45.0787,0.0868,903.7810000000001,1.7408
995,000419,通程控股,3.53,2.99,28.0568,19.3741,0.1103,647.3609,3.6884
996,000050,深天马A,3.52,8.83,18.2264,24.6304,0.1855,278.9362,2.1008
997,000928,中钢国际,3.5,4.66,16.6982,36.2175,0.128,775.9764,2.7429
998,000408,*ST金源,3.5,4.62,20.7642,15.208,0.1325,329.0581,2.8683
999,000019,深深宝A,3.47,18.6,20.2069,11.3819,0.0625,61.1852,0.3363
1000,600600,青岛啤酒,3.47,1.94,40.2673,102.8877,0.1028,5276.7245,5.2767
1001,600728,佳都科技,3.44,4.83,27.6352,28.070999999999998,0.1348,581.1003,2.7913
1002,600190,锦州港,3.42,16.81,47.5942,48.1732,0.0508,286.5323,0.3027
1003,000009,中国宝安,3.41,4.8,32.1023,40.8551,0.0426,849.4147,0.8859
1004,600640,号百控股,3.39,14.38,33.0287,38.0433,0.1042,264.4373,0.7247
1005,000949,新乡化纤,3.38,4.64,7.8395,33.9519,0.0692,731.4674,1.4909999999999999
1006,600363,联创光电,3.36,3.19,24.7274,20.2101,0.1226,632.3482,3.8369
1007,600331,宏达股份,3.36,5.97,22.4928,22.2386,0.171,372.4614,2.865
1008,000955,欣龙控股,3.34,10.06,30.6335,16.1471,0.0787,160.4577,0.7827
1009,600523,贵航股份,3.34,5.38,31.1002,19.1032,0.0868,354.5091,1.6114
1010,600262,北方股份,3.31,8.31,21.8389,18.9449,0.1114,227.946,1.3408
1011,000757,浩物股份,3.3,4.76,19.4498,16.0055,0.105,336.0767,2.2049
1012,600162,香江控股,3.28,3.63,19.6656,19.4066,0.1103,533.6878,3.0342
1013,600148,长春一东,3.28,5.18,25.5898,8.3024,0.0586,160.1331,1.1315
1014,000917,电广传媒,3.28,10.98,49.6144,76.1245,0.2945,692.9645,2.6817
1015,000672,上峰水泥,3.24,6.76,20.7869,8.3442,0.0768,123.3737,1.1365
1016,000996,中国中期,3.21,7.15,22.1029,13.453,0.1169,187.9936,1.6347
1017,601398,工商银行,3.2,3.73,8.7658,6125.0,0.0213,164115.0,0.5728
1018,600568,中珠医疗,3.19,16.97,61.4742,13.8671,0.1903,81.6868,1.1211
1019,600556,ST慧球,3.17,12.26,49.5418,15.1808,0.1686,123.7932,1.3754
1020,000616,海航投资,3.15,17.58,87.805,14.9051,0.1025,84.7624,0.5832
1021,600754,锦江股份,3.14,7.92,53.4651,54.1207,0.0897,682.6488,1.1316
1022,600801,华新水泥,3.13,3.26,32.6081,22.6192,0.0688,691.8836,2.1068
1023,600358,国旅联合,3.11,11.84,57.9847,12.8335,0.0916,108.375,0.7741
1024,000698,沈阳化工,3.11,2.5,15.068,45.2028,0.107,1804.6601,4.2723
1025,600885,宏发股份,3.07,4.09,27.8094,4.2149,0.0324,102.9247,0.7929
1026,600365,通葡股份,3.06,12.88,52.1649,16.5628,0.1183,128.5569,0.9182
1027,000528,柳工,3.04,2.19,16.8992,21.4455,0.0654,977.5671,2.9846
1028,600605,汇通能源,3.04,4.83,13.5587,9.4233,0.0448,195.0286,0.9278
1029,000156,华数传媒,3.02,10.92,23.8126,14.489,0.1501,132.6115,1.3742
1030,000060,中金岭南,2.98,1.11,18.8883,31.0141,0.0717,2789.1523,6.4563
1031,600369,西南证券,2.9,14.65,22.0779,16.2664,0.0944,110.9749,0.644
1032,000725,京东方A,2.89,2.24,12.6794,60.2509,0.1096,2683.798,4.8835
1033,000688,建新矿业,2.88,12.8,25.4568,28.1328,0.0807,219.6433,0.6307
1034,000507,珠海港,2.86,15.68,28.5808,26.8944,0.0779,171.5078,0.4971
1035,600072,中船科技,2.86,6.65,11.728,27.5069,0.1001,413.2533,1.505
1036,000576,广东甘化,2.85,3.24,13.2075,27.7921,0.1122,856.1339,3.4577
1037,600841,上柴股份,2.8,3.15,23.8899,44.4778,0.0926,1411.8541,2.9394
1038,600179,安通控股,2.78,1.76,8.9175,21.7579,0.0659,1230.3471,3.7283
1039,600230,沧州大化,2.76,3.45,9.7976,17.8178,0.0687,516.4253,1.9913
1040,600201,生物股份,2.75,6.83,35.4899,14.232000000000001,0.1303,208.2641,1.9069
1041,600836,界龙实业,2.73,1.09,18.5228,5.537999999999999,0.0495,507.8186,4.5465
1042,600216,浙江医药,2.73,1.88,25.2466,16.3848,0.0364,867.0378,1.9264
1043,000509,华塑控股,2.73,6.32,26.276999999999997,19.6951,0.0787,311.3854,1.2454
1044,600663,陆家嘴,2.65,11.76,31.143,117.5168,0.0629,999.0114,0.5348
1045,600638,新黄浦,2.64,15.87,9.7248,55.1008,0.0981,347.0005,0.6183
1046,000663,永安林业,2.6,2.58,29.1032,7.9341,0.0474,307.1643,1.8367
1047,600150,中国船舶,2.58,1.51,11.1765,12.1344,0.0502,800.3174,3.3139999999999996
1048,000779,三毛派神,2.56,12.14,25.1232,18.9313,0.1033,155.8192,0.8507
1049,000908,景峰医药,2.46,7.15,19.4023,12.2493,0.0437,171.2491,0.6116
1050,000687,华讯方舟,2.45,4.72,11.6389,24.1121,0.0751,510.3916,1.5909
1051,000768,中航飞机,2.41,4.97,13.3207,45.7081,0.1167,919.5525,2.3487
1052,601788,光大证券,2.39,4.22,4.5827,40.0256,0.08,946.2411,1.8924
1053,000760,斯太尔,2.37,5.31,15.9534,8.3421,0.0763,157.0464,1.4365
1054,000686,东北证券,2.37,7.68,20.4968,11.9395,0.081,155.3355,1.0538
1055,600169,太原重工,2.36,3.08,17.1242,20.5257,0.0551,665.1104,1.7871
1056,000886,海南高速,2.36,17.69,55.7355,62.1862,0.0628,351.4827,0.3554
1057,600691,阳煤化工,2.3,3.53,21.4822,2.1485,0.0278,60.861999999999995,0.7876
1058,600684,珠江实业,2.3,7.95,21.7647,13.5226,0.0722,170.0371,0.909
1059,600710,*ST常林,2.26,1.95,13.3092,10.3023,0.0624,528.117,3.2007
1060,600892,大晟文化,2.24,5.98,29.7423,1.4208,0.0281,23.7455,0.4702
1061,600551,时代出版,2.23,3.13,45.8913,1.7342,0.0346,55.3795,1.1075
1062,000782,美达股份,2.23,1.77,10.5864,17.5876,0.0514,991.5567,2.8992
1063,000803,*ST金宇,2.21,3.22,16.8369,3.2788,0.0323,101.7955,1.0042
1064,600185,格力地产,2.19,3.6,16.4974,11.0643,0.0558,307.2889,1.5519
1065,600751,天海投资,2.17,2.89,14.9782,24.7748,0.0502,855.6446,1.7368
1066,600867,通化东宝,2.13,14.24,43.2748,29.3343,0.0904,205.9045,0.6345
1067,600115,东方航空,2.12,1.07,20.2704,132.9194,0.0273,12411.5551,2.5501
1068,600679,上海凤凰,2.1,2.33,13.6561,18.2648,0.0393,781.561,1.6832
1069,600673,东阳光科,2.1,1.98,31.3359,2.6055,0.0235,131.5065,1.1869
1070,000707,双环科技,2.1,4.34,13.8641,33.9651,0.0731,780.9522,1.6825
1071,000636,风华高科,2.07,4.44,20.1154,42.8317,0.0807,963.3464,1.8165
1072,600225,*ST松江,2.06,2.18,13.5516,8.23,0.0409,376.5816,1.8735
1073,600604,市北高新,2.05,1.7,19.004,13.8963,0.0245,815.3024,1.4393
1074,600722,金牛化工,2.04,1.5,10.2338,19.8838,0.0471,1318.7394,3.1292
1075,600808,马钢股份,2.0,2.18,14.2081,208.3965,0.0322,9547.9287,1.479
1076,000993,闽东电力,1.99,12.96,50.7408,28.8004,0.096,222.0609,0.7402
1077,600871,石化油服,1.94,2.18,9.7146,170.78900000000002,0.0426,7808.658,1.9521
1078,600702,沱牌舍得,1.93,3.59,27.7126,30.8564,0.0914,858.2814,2.5445
1079,000025,特力A,1.93,0.73,11.9173,5.1441,0.0233,703.2449,3.1924
1080,000026,飞亚达A,1.92,5.15,38.0811,11.3228,0.0454,219.8138,0.8816
1081,000558,莱茵体育,1.91,8.59,67.791,3.1974,0.0272,37.2168,0.3176
1082,600112,*ST天成,1.91,5.55,34.1455,9.1741,0.0533,165.2473,0.9607
1083,600198,大唐电信,1.89,1.75,28.7451,36.1,0.0822,2051.4553,4.6731
1084,000410,*ST沈机,1.88,2.28,29.2432,16.9746,0.0497,741.7016,2.1755
1085,600128,弘业股份,1.85,0.7,7.81,10.2431,0.0513,1449.2527,7.2663
1086,600158,中体产业,1.83,6.87,64.178,14.2187,0.055999999999999994,206.9055,0.8157
1087,600733,S*ST前锋,1.81,6.63,32.1311,4.749,0.024,71.5963,0.3623
1088,600468,百利电气,1.76,4.44,25.5764,5.9506,0.054000000000000006,133.9434,1.2176
1089,000795,英洛华,1.73,6.61,23.1817,13.3576,0.0482,202.0633,0.7299
1090,600683,京投发展,1.7,0.61,8.6185,4.0333,0.0202,660.1152,3.3129
1091,000671,阳光城,1.65,5.2,34.085,2.7964,0.0293,53.7043,0.5642
1092,000788,北大医药,1.64,1.74,21.7598,4.7341,0.0245,271.2696,1.4091
1093,000697,炼石有色,1.6,2.51,16.7301,11.9822,0.0551,475.9107,2.1884
1094,600859,王府井,1.6,0.78,17.1486,24.4142,0.0621,3104.5946,7.9002
1095,000504,*ST生物,1.58,2.9,50.0094,5.0933,0.0163,175.2173,0.5623
1096,000868,安凯客车,1.55,2.29,17.2223,10.242,0.0463,445.89599999999996,2.0176
1097,600623,华谊集团,1.53,0.67,13.0346,16.6018,0.0186,2465.765,2.7721
1098,600847,*ST万里,1.53,1.22,25.0292,1.3628,0.0153,111.1231,1.2533
1099,600882,广泽股份,1.52,1.75,19.1494,7.3587,0.0395,419.0827,2.2549
1100,600671,天目药业,1.5,2.33,47.4429,3.3682,0.0157,144.4267,1.1859
1101,600192,长城电工,1.5,2.21,26.9087,15.328,0.0478,692.3726,2.1602
1102,600685,中船防务,1.45,0.43,4.4565,8.9783,0.0181,2076.6032,4.1978
1103,600099,林海股份,1.44,3.48,8.8965,6.6497,0.0303,190.62900000000002,0.8699
1104,000534,万泽股份,1.41,8.63,17.416,7.7594,0.0372,89.874,0.4315
1105,000716,黑芝麻,1.39,2.26,16.1542,4.5753,0.0333,202.0913,1.4737
1106,600856,中天能源,1.37,1.29,24.3153,4.9308,0.0269,380.5788,2.0826
1107,600127,金健米业,1.35,4.16,18.3891,17.0367,0.0393,409.423,0.9466
1108,000418,小天鹅A,1.34,1.3,25.7707,26.8301,0.0734,2054.2251,5.6264
1109,000960,锡业股份,1.25,1.27,14.3892,14.5583,0.0406,1144.5597,3.1979
1110,000033,*ST新都,1.21,5.13,76.365,5.2517,0.0182,102.2458,0.3553
1111,600805,悦达投资,1.19,1.6,23.2955,20.3558,0.0373,1267.1965,2.3232
1112,000010,美丽生态,1.16,1.06,10.1138,1.755,0.0119,165.5332,1.1259
1113,000597,东北制药,1.14,0.7,21.5139,10.1133,0.0332,1441.98,4.7463
1114,600665,天地源,1.1,1.65,3.838,13.685,0.019,826.2081,1.1473
1115,601377,兴业证券,1.1,3.04,-4.6643,15.0086,0.0165,492.5386,0.5424
1116,000553,沙隆达A,1.07,1.08,12.4138,10.4968,0.0353,963.7884,3.2454
1117,600817,*ST宏盛,1.06,0.13,7.7668,1.0789,0.013000000000000001,795.3076,9.6379
1118,000020,深华发A,1.04,3.67,2.9965,3.0459,0.0107,82.8619,0.2926
1119,000950,*ST建峰,1.02,0.92,14.3812,4.3514,0.027999999999999997,472.6206,3.0491
1120,000708,大冶特钢,1.01,1.07,8.8502,15.6856,0.0349,1464.0996,3.2578
1121,600810,神马股份,1.0,2.96,9.8116,34.3754,0.0607,1157.4309,2.0439
1122,000661,长春高新,0.95,1.06,64.7771,4.3261,0.0329,406.6732,3.0966
1123,000713,丰乐种业,0.95,1.47,25.7965,5.8753,0.0261,398.4068,1.7706
1124,000691,ST亚太,0.91,14.21,39.1738,5.5863,0.0216,39.2944,0.1521
1125,600844,*ST丹科,0.9,2.02,12.7032,5.4567,0.0179,269.6011,0.8852
1126,000523,广州浪奇,0.89,0.77,14.574000000000002,4.5391,0.0197,584.4194,2.5481
1127,600107,美尔雅,0.88,5.16,30.8278,7.6332,0.0212,147.8158,0.4105
1128,601288,农业银行,0.86,2.63,-185.1835,1152.0,0.0086,43681.0,0.3263
1129,600869,智慧能源,0.85,1.49,34.5765,1.7690000000000001,0.0147,118.1471,0.9845
1130,600767,*ST运盛,0.84,1.62,32.3764,5.1342,0.015,316.5914,0.9283
1131,000628,高新发展,0.83,0.63,29.415,4.4079,0.0227,693.9346,3.5851
1132,600313,农发种业,0.8,0.32,5.0873,6.1049,0.0242,1871.2356,7.4196
1133,600821,津劝业,0.78,0.33,10.7924,5.2168,0.0178,1539.9519,5.2644
1134,600240,华业资本,0.75,6.2,38.5858,5.4844,0.0313,88.3556,0.5048
1135,600748,上实发展,0.75,2.51,1.8777,7.928999999999999,0.0134,315.5472,0.537
1136,600765,中航重机,0.74,2.21,37.1368,1.146,0.0103,51.6413,0.4651
1137,600784,鲁银投资,0.73,4.24,29.3194,3.7834,0.0167,89.2203,0.3952
1138,600624,复旦复华,0.73,1.04,23.2608,3.1664,0.012,302.1319,1.1467
1139,600877,*ST嘉陵,0.71,0.37,14.1186,9.7529,0.0205,2590.509,5.4666
1140,600645,中源协和,0.7,0.85,11.2918,2.5257,0.0101,296.0542,1.1840000000000002
1141,600839,四川长虹,0.69,0.93,12.544,88.5359,0.0409,9514.6185,4.3963
1142,600804,鹏博士,0.69,0.45,5.8471,1.3252,0.0113,294.1969,2.5228
1143,600335,国机汽车,0.69,1.21,22.3239,2.2367,0.0191,183.495,1.5733
1144,600113,浙江东日,0.68,3.64,34.9919,2.4305,0.0205,66.664,0.5649
1145,600667,太极实业,0.68,0.59,19.7761,3.8173,0.0103,640.9146,1.7377
1146,000762,西藏矿业,0.67,1.78,27.7379,3.2677,0.0162,183.0164,0.9127
1147,000909,数源科技,0.67,1.63,15.3618,3.5827,0.0182,219.7711,1.1212
1148,000600,建投能源,0.66,1.24,44.4422,2.0157,0.0131,162.0137,1.0538
1149,600648,外高桥,0.65,4.51,24.3381,9.1702,0.0123,203.1234,0.2726
1150,600774,汉商集团,0.65,0.53,14.7272,2.9298,0.031,548.7764,5.8091
1151,000565,渝三峡A,0.65,0.85,19.6084,2.2953,0.0132,268.6765,1.5491
1152,000802,北京文化,0.65,0.95,25.0465,2.4642,0.0211,257.531,2.2153
1153,600876,洛阳玻璃,0.63,1.2,18.3901,9.868,0.013999999999999999,817.2769999999999,1.1675
1154,600077,宋都股份,0.6,0.77,36.2375,2.1491,0.0169,276.8021,2.1826
1155,600167,联美控股,0.6,1.97,21.6781,2.1963,0.0115,111.3766,0.5861
1156,000915,山大华特,0.59,3.45,30.0469,1.4532,0.016,42.026,0.4652
1157,600650,锦江投资,0.58,3.54,83.6027,8.9048,0.0177,251.1617,0.5008
1158,000667,美好置业,0.56,2.08,9.5042,2.7242,0.0111,130.7739,0.5337
1159,600206,有研新材,0.54,3.44,28.0297,3.734,0.0257,108.3554,0.7472
1160,000800,一汽轿车,0.53,0.7,20.2993,24.2544,0.0149,3445.2692,2.1169
1161,600688,上海石化,0.52,0.35,11.6638,71.604,0.0099,20197.396,2.8051
1162,000750,国海证券,0.51,2.01,37.0928,3.0861,0.0143,153.3864,0.7132
1163,000582,北部湾港,0.48,2.36,21.5111,2.5014,0.0132,105.5801,0.5601
1164,000595,*ST宝实,0.46,0.5,21.8971,1.9592,0.0111,384.8325,2.1995
1165,600359,新农开发,0.44,0.82,19.413,4.4109,0.0137,537.6711,1.6749
1166,000610,西安旅游,0.43,1.61,76.3307,1.5067,0.0089,93.5776,0.5583
1167,600783,鲁信创投,0.43,0.98,19.9129,1.3130000000000002,0.0064,132.7584,0.6563
1168,600612,老凤祥,0.42,0.2,19.7602,1.861,0.0073,910.747,3.6172
1169,000995,*ST皇台,0.41,1.58,54.9418,1.9145,0.0136,121.102,0.865
1170,600806,*ST昆机,0.41,2.0,24.3603,2.0511,0.0083,102.494,0.4183
1171,600617,国新能源,0.39,0.34,5.8139,1.1282,0.0067,323.1177,1.9325
1172,000718,苏宁环球,0.37,0.52,16.0144,4.5337,0.0113,861.1848,2.1543
1173,000783,长江证券,0.37,0.13,11.0698,6.9149,0.0059,5192.302,4.4976
1174,600768,宁波富邦,0.35,0.13,10.32,0.2824,0.003,208.1615,2.2411
1175,600176,中国巨石,0.3,0.27,33.1329,1.4712,0.0066,531.3235,2.3868
1176,000573,粤宏远A,0.29,1.65,45.3437,4.0403,0.0089,244.2531,0.5412
1177,600802,福建水泥,0.29,0.36,35.2666,2.1042,0.0074,582.6485,2.0601
1178,600689,上海三毛,0.27,0.19,10.8013,1.3163,0.0065,680.7035,3.3867
1179,000018,神州长城,0.27,0.59,10.8456,0.8414,0.0049,141.7572,0.838
1180,000150,宜华健康,0.26,1.24,9.113999999999999,1.7977,0.0055,143.8674,0.444
1181,000829,天音控股,0.25,0.65,36.3475,0.8252,0.0052,126.2325,0.8014
1182,000980,金马股份,0.24,0.55,13.9702,1.1294,0.0075,204.747,1.3649
1183,000670,盈方微,0.2,0.19,10.6147,2.2343,0.0082,1165.1188,4.2802
1184,600618,氯碱化工,0.18,0.18,13.0103,5.1334,0.0044,2728.323,2.3429
1185,000059,华锦股份,0.18,0.22,11.5737,2.4317,0.0036,1067.0344,1.6088
1186,000404,华意压缩,0.14,0.49,10.808,0.9218,0.0035,187.8911,0.7202
1187,000791,甘肃电投,0.03,0.12,30.233,0.1086,0.0005,88.5538,0.4685
1188,000021,深科技,-0.4,-0.23,6.0912,-9.1446,-0.0124,3918.6887,5.3465
1189,600060,海信电器,-0.81,-0.46,11.3797,-17.9956,-0.0364,3872.5607,7.8428
1190,600814,杭州解百,-1.55,-0.6,14.6732,-5.9949,-0.0252,990.0953,4.171
1191,000818,方大化工,-1.56,-1.32,6.4879999999999995,-14.9623,-0.044000000000000004,1125.4338,3.31
1192,601601,中国太保,-2.35,-11587.01,-11391.5152,-11.4808,-0.0017,0.0991,0.0
1193,000927,一汽夏利,-2.72,-2.55,13.4485,-87.0525,-0.06,3405.9416,2.3486
1194,600175,美都能源,-3.3,-19.71,52.0502,-14.0378,-0.1315,71.2133,0.6675
1195,000701,厦门信达,-3.42,-1.48,7.731,-16.0063,-0.08,1080.7848,5.4039
1196,000902,新洋丰,-3.72,-3.94,14.535,-17.8098,-0.0828,450.9239,2.0973
1197,000650,仁和药业,-3.83,-5.64,-3.968,-12.7132,-0.0635,225.1038,1.1249
1198,000938,紫光股份,-3.96,-1.61,12.2309,-23.6217,-0.1146,1465.3498,7.1105
1199,600886,国投电力,-4.6,-2.07,6.0815,-39.6284,-0.1406,1906.4093,6.7664
1200,000856,冀东装备,-4.82,-6.04,21.8958,-24.3394,-0.139,402.5816,2.3004
1201,600790,轻纺城,-4.85,-4.49,20.3955,-46.7641,-0.1257,1040.7097,2.7986
1202,600159,大龙地产,-5.46,-18.89,42.6161,-38.4406,-0.126,203.4469,0.667
1203,000656,金科股份,-5.62,-4.27,10.218,-16.3201,-0.0792,381.9256,1.8556
1204,600769,祥龙电业,-5.74,-11.27,7.1325,-49.2262,-0.1411,436.7743,1.2521
1205,000005,世纪星源,-6.16,-99.23,46.9733,-66.6139,-0.0939,67.1282,0.0947
1206,600760,中航黑豹,-7.0,-18.38,3.3905,-51.9878,-0.1904,282.7022,1.0355
1207,000545,金浦钛业,-7.33,-7.07,32.3684,-10.4871,-0.0773,148.2201,1.0927
1208,600615,丰华股份,-7.68,-20.38,25.2956,-41.3897,-0.2751,203.0448,1.3498
1209,000695,滨海能源,-7.85,-14.28,19.2547,-28.9361,-0.1302,202.517,0.9116
1210,600095,哈高科,-8.41,-20.73,34.457,-49.7545,-0.1902,239.9306,0.9173
1211,600259,广晟有色,-8.57,-9.19,3.9692,-37.2136,-0.1743,404.7667,1.8967
1212,000420,吉林化纤,-9.19,-9.66,3.3002,-98.6789,-0.2608,1020.9357,2.699
1213,000589,黔轮胎A,-9.28,-5.78,22.3993,-75.2552,-0.2958,1300.3028,5.1127
1214,600891,秋林集团,-9.46,-12.88,17.6127,-51.802,-0.2126,401.9182,1.6501
1215,000409,山东地矿,-9.71,-31.38,7.5657,-21.0308,-0.1227,67.0102,0.391
1216,000505,*ST珠江,-9.78,-41.67,24.0616,-38.2144,-0.1011,91.7058,0.2428
1217,000501,鄂武商A,-10.07,-4.41,14.834000000000001,-98.3101,-0.1938,2225.3613,4.3871
1218,000739,普洛药业,-10.47,-18.24,7.8212,-25.8721,-0.1775,141.8382,0.9731
1219,600853,龙建股份,-11.2,-7.91,-0.5754,-78.5337,-0.1475,992.0074,1.8632
1220,000040,东旭蓝天,-11.86,-39.9,32.8879,-125.6033,-0.2674,314.7704,0.6703
1221,000620,新华联,-12.14,-15.81,9.4346,-81.5342,-0.2616,515.5602,1.6544
1222,600738,兰州民百,-12.74,-6.11,15.8113,-39.6994,-0.1693,649.6809,2.7717
1223,600137,浪莎股份,-13.18,-37.96,-5.5932,-19.2963,-0.3178,50.8254,0.8371
1224,000951,中国重汽,-14.13,-15.65,21.6194,-75.1651,-0.2959,480.1709,1.8906
1225,600621,华鑫股份,-15.05,-13.94,21.7,-126.1651,-0.2407,904.4306,1.7257
1226,000055,方大集团,-15.32,-35.19,21.1033,-114.5436,-0.3864,325.4717,1.0979999999999999
1227,000758,中色股份,-15.88,-69.55,23.4682,-140.2851,-0.3623,201.6956,0.5209
1228,600873,梅花生物,-16.53,-70.33,84.6775,-35.4746,-0.3277,50.438,0.4659
1229,000524,岭南控股,-16.62,-43.34,89.95700000000001,-98.1378,-0.3639,226.3918,0.8395
1230,000498,山东路桥,-16.98,-10.8,0.1064,-88.0639,-0.2258,814.7118,2.089
1231,600838,上海九百,-17.04,-19.87,23.3315,-98.3069,-0.2452,494.6173,1.2338
1232,600695,绿庭投资,-17.32,-8.05,10.8627,-141.5628,-0.2093,1757.2185,2.5982
1233,600732,*ST新梅,-17.46,-8.39,-0.3697,-59.5597,-0.2401,709.4046,2.8606
1234,000571,新大洲A,-17.88,-104.98,18.4345,-150.3047,-0.2042,143.1643,0.1944
1235,000851,高鸿股份,-18.04,-56.3,4.7881,-60.6391,-0.2696,107.6984,0.4788
1236,600613,神奇制药,-18.04,-118.79,44.8634,-43.6735,-0.2952,36.764,0.2485
1237,000728,国元证券,-18.17,-22.19,-7.3023,-167.2173,-0.4843,753.4042,2.1824
1238,000586,汇源通信,-18.37,-13.48,2.7708,-48.5035,-0.2507,359.8159,1.86
1239,600693,东百集团,-18.57,-9.84,7.7522,-59.4368,-0.4502,603.5076,4.5717
1240,600057,象屿股份,-18.98,-7.91,17.5516,-78.2495,-0.2184,988.2612,2.7589
1241,000611,*ST天首,-19.84,-25.72,20.5816,-49.4226,-0.2823,192.1263,1.0976
1242,000826,启迪桑德,-20.75,-50.36,4.954,-62.0377,-0.3418,123.1847,0.6787
1243,000828,东莞控股,-20.91,-23.91,-8.568999999999999,-438.4758,-0.3764,1833.3428,1.5741
1244,000590,启迪古汉,-21.31,-24.28,38.4291,-59.6704,-0.2939,245.6784,1.21
1245,000683,远兴能源,-21.65,-17.47,25.3348,-121.0952,-0.2581,692.8691,1.4773
1246,000813,德展健康,-22.51,-49.65,3.7325,-145.0012,-0.3989,292.0379,0.8035
1247,000678,襄阳轴承,-23.03,-36.47,8.9695,-92.0913,-0.6557,252.4502,1.7975
1248,600743,华远地产,-23.58,-8.4,3.037,-24.1509,-0.0772,287.4087,0.9188
1249,000016,深康佳A,-24.18,-10.37,8.4081,-699.7915,-1.1624,6748.121999999999,11.2097
1250,000801,四川九洲,-25.63,-82.04,30.0452,-34.1099,-0.2583,41.5738,0.3148
1251,000529,广弘控股,-25.64,-63.15,-2.2034,-320.8376,-0.8091,508.00800000000004,1.2811
1252,600082,海泰发展,-25.72,-15.52,4.5056,-83.2499,-0.5587,536.1702,3.5989
1253,000502,绿景控股,-26.87,-308.84,72.2071,-48.6369,-0.3124,15.7478,0.1011
1254,600182,S佳通,-27.15,-20.54,19.6979,-164.6256,-0.4841,801.1832,2.3564
1255,000893,东凌国际,-27.59,-27.83,9.939,-88.7732,-0.3998,318.9577,1.4367
1256,000710,*ST天仪,-27.84,-86.71,-14.8495,-44.3403,-0.2932,51.1328,0.3381
1257,600893,中航动力,-28.53,-16.13,11.3234,-141.1144,-0.6007,874.8363,3.7241
1258,600766,园城黄金,-28.93,-34.53,13.9924,-75.3904,-0.4404,218.2722,1.2752
1259,600875,东方电气,-29.5,-70.57,9.1697,-261.3491,-0.5807,370.2927,0.8228
1260,000058,深赛格,-30.23,-17.62,11.4311,-338.7608,-0.4665,1922.2484,2.6471
1261,000570,苏常柴A,-30.77,-21.87,9.5185,-381.4286,-1.0191,1743.4874,4.6586
1262,600234,ST山水,-31.05,-48.97,31.6815,-68.3831,-0.7285,139.6388,1.4877
1263,600858,银座股份,-31.33,-121.19,19.8173,-33.6352,-0.2771,27.7529,0.2287
1264,600678,四川金顶,-31.65,-18.61,34.0462,-79.8368,-0.3431,428.8093,1.8430000000000002
1265,600749,西藏旅游,-32.15,-87.32,38.6211,-26.8377,-0.3354,30.7337,0.3841
1266,600715,文投控股,-32.52,,,-62.7102,-0.2796,0.0,0.0
1267,000738,航发控制,-33.08,-107.71,-13.6565,-219.0212,-0.5505,203.3346,0.5111
1268,600622,嘉宝集团,-33.64,-78.42,20.1153,-149.6379,-0.4484,190.8059,0.5718
1269,600758,红阳能源,-33.83,-13.63,8.7004,-86.7402,-0.5429,636.1437,3.9819
1270,000521,美菱电器,-34.0,-27.04,14.6761,-349.5499,-0.845,1292.6761,3.1251
1271,600146,商赢环球,-34.8,-7.95,8.7255,-121.7642,-0.6088,1531.1252,7.6556
1272,600816,安信信托,-34.87,-148.19,-107.1325,-201.2899,-0.4432,135.8249,0.2991
1273,600781,辅仁药业,-36.08,-33.4,-0.1699,-70.3865,-0.3963,210.7059,1.1864
1274,600792,云煤能源,-36.4,-31.93,17.3234,-25.7528,-0.5049,80.6383,1.5811
1275,000023,深天地A,-37.54,-28.64,10.2783,-63.8894,-0.4604,223.0296,1.6073
1276,600862,中航高科,-38.84,-84.34,-23.7317,-238.2727,-0.9992,282.4939,1.1847
1277,000809,*ST新城,-39.07,-17.05,0.4809,-62.6559,-0.5468,367.3313,3.2061
1278,600698,湖南天雁,-39.08,-108.76,0.5662,-699.7827,-0.72,643.4103,0.662
1279,600870,厦华电子,-39.54,-13.41,9.1469,-286.5317,-0.7727,2135.4808,5.7588
1280,000929,兰州黄河,-44.92,-98.51,33.4457,-152.2269,-1.2918,154.5193,1.3112
1281,000029,深深房A,-52.72,-87.18,32.012,-537.2804,-0.531,616.2514,0.6091
1282,600609,金杯汽车,-53.19,-127.22,16.2195,-825.0387,-0.755,648.469,0.5934
1283,000043,中航地产,-54.24,-20.87,22.3656,-137.67,-0.9881,659.5499,4.7338
1284,000592,平潭发展,-54.52,-135.03,29.9817,-105.7549,-0.3592,78.3145,0.266
1285,600069,银鸽投资,-60.26,-124.41,1.1983,-227.81,-0.613,183.0999,0.4927
1286,600139,西部资源,-61.09,-32.72,11.4681,-63.4665,-0.8349,193.9306,2.5513
1287,000921,海信科龙,-64.74,-32.95,23.4034,-1555.5731,-1.5681,4720.4664,4.7585
1288,000561,烽火电子,-66.54,-53.44,16.5413,-323.54400000000004,-0.8149,605.3664,1.5248
1289,600807,天业股份,-66.9,-220.19,-3.6197,-92.089,-0.8532,41.8221,0.3875
1290,000885,同力水泥,-73.09,-221.04,-25.2674,-227.80599999999998,-1.4237,103.0604,0.6441
1291,600053,九鼎投资,-85.95,-97.92,17.6206,-299.2452,-1.8578,305.5734,1.8971
1292,000723,美锦能源,-98.76,-53.58,14.2083,-187.4564,-1.3428,349.8595,2.5061
1293,000635,英力特,-107.48,-140.71,-13.6688,-196.9543,-1.7191,139.9715,1.2217
1294,000766,通化金马,-123.68,-581.59,69.6576,-584.1247,-1.3008,100.4348,0.2236
1295,000572,海马汽车,-140.95,-147.87,8.0752,-104.882,-0.4858,70.9264,0.3285
1296,000638,万方发展,-158.59,-51.14,12.784,-95.9723,-0.6203,187.6376,1.2129
1297,000544,中原环保,-201.97,-19.04,27.2208,-97.7444,-0.3627,513.3356,1.905
1298,000048,康达尔,-209.69,-13.07,12.3835,-106.4493,-0.2724,814.194,2.0835
1299,000567,海德股份,-230.35,-730.02,-53.6407,-89.0847,-0.5891,12.2029,0.0807
1300,000585,东北电气,-241.28,-62.7,14.32,-803.8067,-0.9203,1281.9417,1.4678
1301,000603,盛达矿业,-365.65,-563.32,24.9281,-88.3333,-0.7896,15.6807,0.1401
1302,600763,通策医疗,-365.81,,,-151.6962,-0.9462,0.0,0.0
1303,000514,渝开发,-368.84,-281.31,4.3305,-103.3719,-0.8794,36.7455,0.3126
1304,000533,万家乐,-397.07,-87.15,33.4015,-978.5567,-1.6998,1122.82,1.9504
1305,000560,昆百大A,-983.78,-23.65,17.0315,-147.5189,-1.0976,623.5692,4.6396
1306,600603,广汇物流,-2124.26,-496.41,23.3246,-360.2571,-1.8508,72.5711,0.3728
1307,000017,深中华A,,-4351.28,-22.1308,-2257.2442,-4.7081,51.8753,0.1082
1308,000030,富奥股份,,-193.58,12.9491,-995.3792,-3.4511,514.1932,1.7827
1309,000536,华映科技,,11.26,-4.0747,10.4294,0.0855,92.5672,0.7592
1310,002045,国光电器,,,,,,,
1311,600629,华建集团,,-1508.36,19.5902,-489.478,-3.2334,32.4508,0.2143
1312,002044,美年健康,,,,,,,
1313,300362,天翔环境,,,,,,,
1314,600647,同达创业,,-79.67,27.4801,-21.5132,-0.4019,27.0021,0.5045
1315,000557,西部创业,,-271.63,19.8996,-394.4414,-0.7806,145.209,0.2873
1316,000566,海南海药,,-136.86,40.6195,-264.6104,-1.3076,193.338,0.9554
1317,002043,兔宝宝,,,,,,,
1318,600759,洲际油气,,199.84,-56.3317,1.1444,0.0054,0.5726,0.0027
1319,600900,长江电力,,34.88,62.9705,493.5914,0.0892,1414.9652,0.2558
1320,002043,兔宝宝,,,,,,,
1321,600759,洲际油气,,199.84,-56.3317,1.1444,0.0054,0.5726,0.0027
1322,600900,长江电力,,34.88,62.9705,493.5914,0.0892,1414.9652,0.2558
